p_score,p_acat,p_snp,p_pheWAS_mega_acat,p_pheWAS_mega_acat_p,p_pheWAS_meta_acat,p_pheWAS_meta_acat_p,p_asset_meta,p_pheWAS_hmp,p_oracle,p_oracle_uncorrelated,p_pheWAS_mega,p_pheWAS_meta,p_multiphen,alpha,n_sims,num_sites,total_subjects,max_site,q,q_bin,q_con,intercept_only,flip_y,rm_gender,na_freq,maf,prevalence,num_pca,n_true_con,max_beta_con,direction_con,n_true_bin,max_beta_bin,direction_bin,beta_con,beta_bin,n_k,q_k,empirical_prev,no_case_rate
0.0595,0.048,0.0555,0.091,0.0625,0.088,0.0605,0.001,0.0645,0.2925,0.0565,0.036,0.034,NA,0.05,2000,5,5000,1000,8,8,0,FALSE,FALSE,FALSE,0,0.2,0.3,4,0,0,Same -- Positive,2,0.01,Same -- Positive,0/0/0/0/0/0/0/0,0.01/0.01/0/0/0/0/0/0,1000/1000/1000/1000/1000,8/7/6/5/8,0.3180860375,0
0.131,0.124,0.139,0.123,0.1,0.118,0.0965,5e-4,0.1015,0.4495,0.2325,0.0645,0.0615,NA,0.05,2000,5,5000,1000,8,8,0,FALSE,FALSE,FALSE,0,0.2,0.3,4,0,0,Same -- Positive,2,0.07103448275862068,Same -- Positive,0/0/0/0/0/0/0/0,0.0710344827586207/0.0710344827586207/0/0/0/0/0/0,1000/1000/1000/1000/1000,8/7/6/5/8,0.3180872375,0
0.1505,0.1425,0.159,0.131,0.112,0.128,0.1085,0.002,0.1135,0.455,0.239,0.081,0.0765,NA,0.05,2000,5,5000,1000,8,8,0,FALSE,FALSE,FALSE,0,0.2,0.3,4,0,0,Same -- Positive,2,0.07103448275862068,Same -- Negative,0/0/0/0/0/0/0/0,-0.0710344827586207/-0.0710344827586207/0/0/0/0/0/0,1000/1000/1000/1000/1000,8/7/6/5/8,0.3180073375,0
0.2145,0.1835,0.2195,0.305,0.255,0.302,0.252,0.0105,0.26,0.548,0.25,0.1825,0.1795,NA,0.05,2000,5,5000,1000,8,8,0,FALSE,FALSE,FALSE,0,0.2,0.3,4,0,0,Same -- Positive,5,0.07103448275862068,Same -- Negative,0/0/0/0/0/0/0/0,-0.0710344827586207/-0.0710344827586207/-0.0710344827586207/-0.0710344827586207/-0.0710344827586207/0/0/0,1000/1000/1000/1000/1000,8/7/6/5/8,0.3180029875,0
0.2055,0.1515,0.202,0.501,0.4325,0.4995,0.4295,0.033,0.4365,0.2055,0.2055,0.3185,0.311,NA,0.05,2000,5,5000,1000,8,8,0,FALSE,FALSE,FALSE,0,0.2,0.3,4,0,0,Same -- Positive,8,0.07103448275862068,Same -- Negative,0/0/0/0/0/0/0/0,-0.0710344827586207/-0.0710344827586207/-0.0710344827586207/-0.0710344827586207/-0.0710344827586207/-0.0710344827586207/-0.0710344827586207/-0.0710344827586207,1000/1000/1000/1000/1000,8/7/6/5/8,0.3181947875,0
0.2295,0.215,0.233,0.1585,0.1405,0.1525,0.137,0.0025,0.148,0.5595,0.3775,0.108,0.105,NA,0.05,2000,5,5000,1000,8,8,0,FALSE,FALSE,FALSE,0,0.2,0.3,4,0,0,Same -- Positive,2,0.09137931034482756,Same -- Negative,0/0/0/0/0/0/0/0,-0.0913793103448276/-0.0913793103448276/0/0/0/0/0/0,1000/1000/1000/1000/1000,8/7/6/5/8,0.3180539,0
0.336,0.2755,0.335,0.423,0.3635,0.4215,0.3605,0.0245,0.3715,0.686,0.3795,0.276,0.273,NA,0.05,2000,5,5000,1000,8,8,0,FALSE,FALSE,FALSE,0,0.2,0.3,4,0,0,Same -- Positive,5,0.09137931034482756,Same -- Negative,0/0/0/0/0/0/0/0,-0.0913793103448276/-0.0913793103448276/-0.0913793103448276/-0.0913793103448276/-0.0913793103448276/0/0/0,1000/1000/1000/1000/1000,8/7/6/5/8,0.3181331,0
0.3235,0.25,0.309,0.7025,0.63,0.701,0.625,0.089,0.628,0.3235,0.3235,0.499,0.495,NA,0.05,2000,5,5000,1000,8,8,0,FALSE,FALSE,FALSE,0,0.2,0.3,4,0,0,Same -- Positive,8,0.09137931034482756,Same -- Negative,0/0/0/0/0/0/0/0,-0.0913793103448276/-0.0913793103448276/-0.0913793103448276/-0.0913793103448276/-0.0913793103448276/-0.0913793103448276/-0.0913793103448276/-0.0913793103448276,1000/1000/1000/1000/1000,8/7/6/5/8,0.31810615,0
0.3435,0.319,0.351,0.2145,0.1935,0.212,0.193,0.0075,0.2035,0.6385,0.506,0.164,0.1625,NA,0.05,2000,5,5000,1000,8,8,0,FALSE,FALSE,FALSE,0,0.2,0.3,4,0,0,Same -- Positive,2,0.11172413793103449,Same -- Negative,0/0/0/0/0/0/0/0,-0.111724137931034/-0.111724137931034/0/0/0/0/0/0,1000/1000/1000/1000/1000,8/7/6/5/8,0.318074475,0
0.488,0.377,0.4625,0.5455,0.4845,0.543,0.4815,0.047,0.496,0.787,0.5315,0.3905,0.382,NA,0.05,2000,5,5000,1000,8,8,0,FALSE,FALSE,FALSE,0,0.2,0.3,4,0,0,Same -- Positive,5,0.11172413793103449,Same -- Negative,0/0/0/0/0/0/0/0,-0.111724137931034/-0.111724137931034/-0.111724137931034/-0.111724137931034/-0.111724137931034/0/0/0,1000/1000/1000/1000/1000,8/7/6/5/8,0.318069775,0
0.4675,0.3455,0.446,0.8475,0.7965,0.8465,0.794,0.193,0.7985,0.4675,0.4675,0.6875,0.6825,NA,0.05,2000,5,5000,1000,8,8,0,FALSE,FALSE,FALSE,0,0.2,0.3,4,0,0,Same -- Positive,8,0.11172413793103449,Same -- Negative,0/0/0/0/0/0/0/0,-0.111724137931034/-0.111724137931034/-0.111724137931034/-0.111724137931034/-0.111724137931034/-0.111724137931034/-0.111724137931034/-0.111724137931034,1000/1000/1000/1000/1000,8/7/6/5/8,0.3182482,0
0.464,0.4385,0.477,0.2655,0.244,0.261,0.239,0.016,0.26,0.7425,0.659,0.207,0.2025,NA,0.05,2000,5,5000,1000,8,8,0,FALSE,FALSE,FALSE,0,0.2,0.3,4,0,0,Same -- Positive,2,0.13206896551724137,Same -- Negative,0/0/0/0/0/0/0/0,-0.132068965517241/-0.132068965517241/0/0/0/0/0/0,1000/1000/1000/1000/1000,8/7/6/5/8,0.3182263625,0
0.216,0.165,0.2075,0.2775,0.222,0.269,0.2135,0.0075,0.2265,0.5355,0.2265,0.151,0.1445,NA,0.05,2000,5,5000,1000,8,8,0,FALSE,FALSE,FALSE,0,0.2,0.3,4,0,0,Same -- Positive,5,0.07103448275862068,Same -- Positive,0/0/0/0/0/0/0/0,0.0710344827586207/0.0710344827586207/0.0710344827586207/0.0710344827586207/0.0710344827586207/0/0/0,1000/1000/1000/1000/1000,8/7/6/5/8,0.3178815,0
0.683,0.5535,0.6565,0.6855,0.6385,0.6835,0.633,0.1065,0.6495,0.887,0.73,0.538,0.533,NA,0.05,2000,5,5000,1000,8,8,0,FALSE,FALSE,FALSE,0,0.2,0.3,4,0,0,Same -- Positive,5,0.13206896551724137,Same -- Negative,0/0/0/0/0/0/0/0,-0.132068965517241/-0.132068965517241/-0.132068965517241/-0.132068965517241/-0.132068965517241/0/0/0,1000/1000/1000/1000/1000,8/7/6/5/8,0.3181669125,0
0.638,0.477,0.6065,0.939,0.912,0.938,0.9105,0.3495,0.912,0.638,0.638,0.8415,0.837,NA,0.05,2000,5,5000,1000,8,8,0,FALSE,FALSE,FALSE,0,0.2,0.3,4,0,0,Same -- Positive,8,0.13206896551724137,Same -- Negative,0/0/0/0/0/0/0/0,-0.132068965517241/-0.132068965517241/-0.132068965517241/-0.132068965517241/-0.132068965517241/-0.132068965517241/-0.132068965517241/-0.132068965517241,1000/1000/1000/1000/1000,8/7/6/5/8,0.318068275,0
0.609,0.5645,0.6165,0.342,0.326,0.338,0.3225,0.0245,0.3415,0.798,0.7765,0.2905,0.287,NA,0.05,2000,5,5000,1000,8,8,0,FALSE,FALSE,FALSE,0,0.2,0.3,4,0,0,Same -- Positive,2,0.15241379310344827,Same -- Negative,0/0/0/0/0/0/0/0,-0.152413793103448/-0.152413793103448/0/0/0/0/0/0,1000/1000/1000/1000/1000,8/7/6/5/8,0.3178382875,0
0.8095,0.677,0.7925,0.815,0.775,0.8125,0.771,0.1875,0.785,0.9405,0.8475,0.691,0.6865,NA,0.05,2000,5,5000,1000,8,8,0,FALSE,FALSE,FALSE,0,0.2,0.3,4,0,0,Same -- Positive,5,0.15241379310344827,Same -- Negative,0/0/0/0/0/0/0/0,-0.152413793103448/-0.152413793103448/-0.152413793103448/-0.152413793103448/-0.152413793103448/0/0/0,1000/1000/1000/1000/1000,8/7/6/5/8,0.3180071875,0
0.793,0.6005,0.754,0.9855,0.969,0.9855,0.968,0.5395,0.969,0.793,0.793,0.9245,0.922,NA,0.05,2000,5,5000,1000,8,8,0,FALSE,FALSE,FALSE,0,0.2,0.3,4,0,0,Same -- Positive,8,0.15241379310344827,Same -- Negative,0/0/0/0/0/0/0/0,-0.152413793103448/-0.152413793103448/-0.152413793103448/-0.152413793103448/-0.152413793103448/-0.152413793103448/-0.152413793103448/-0.152413793103448,1000/1000/1000/1000/1000,8/7/6/5/8,0.3181006375,0
0.73,0.691,0.736,0.435,0.4165,0.4325,0.4145,0.043,0.4395,0.879,0.875,0.39,0.385,NA,0.05,2000,5,5000,1000,8,8,0,FALSE,FALSE,FALSE,0,0.2,0.3,4,0,0,Same -- Positive,2,0.17275862068965517,Same -- Negative,0/0/0/0/0/0/0/0,-0.172758620689655/-0.172758620689655/0/0/0/0/0/0,1000/1000/1000/1000/1000,8/7/6/5/8,0.31815195,0
0.9175,0.8265,0.9085,0.8905,0.859,0.887,0.8575,0.3285,0.875,0.9795,0.9365,0.8025,0.7975,NA,0.05,2000,5,5000,1000,8,8,0,FALSE,FALSE,FALSE,0,0.2,0.3,4,0,0,Same -- Positive,5,0.17275862068965517,Same -- Negative,0/0/0/0/0/0/0/0,-0.172758620689655/-0.172758620689655/-0.172758620689655/-0.172758620689655/-0.172758620689655/0/0/0,1000/1000/1000/1000/1000,8/7/6/5/8,0.3182088625,0
0.8915,0.7665,0.8675,0.993,0.99,0.993,0.9895,0.7305,0.99,0.8915,0.8915,0.9755,0.9745,NA,0.05,2000,5,5000,1000,8,8,0,FALSE,FALSE,FALSE,0,0.2,0.3,4,0,0,Same -- Positive,8,0.17275862068965517,Same -- Negative,0/0/0/0/0/0/0/0,-0.172758620689655/-0.172758620689655/-0.172758620689655/-0.172758620689655/-0.172758620689655/-0.172758620689655/-0.172758620689655/-0.172758620689655,1000/1000/1000/1000/1000,8/7/6/5/8,0.318235225,0
0.831,0.813,0.838,0.537,0.5315,0.5315,0.5255,0.0755,0.552,0.916,0.9265,0.5085,0.5,NA,0.05,2000,5,5000,1000,8,8,0,FALSE,FALSE,FALSE,0,0.2,0.3,4,0,0,Same -- Positive,2,0.19310344827586207,Same -- Negative,0/0/0/0/0/0/0/0,-0.193103448275862/-0.193103448275862/0/0/0/0/0/0,1000/1000/1000/1000/1000,8/7/6/5/8,0.3179838375,0
0.968,0.9115,0.963,0.957,0.9335,0.9565,0.931,0.4595,0.938,0.9915,0.9765,0.896,0.894,NA,0.05,2000,5,5000,1000,8,8,0,FALSE,FALSE,FALSE,0,0.2,0.3,4,0,0,Same -- Positive,5,0.19310344827586207,Same -- Negative,0/0/0/0/0/0/0/0,-0.193103448275862/-0.193103448275862/-0.193103448275862/-0.193103448275862/-0.193103448275862/0/0/0,1000/1000/1000/1000/1000,8/7/6/5/8,0.3182052875,0
0.195,0.1515,0.1865,0.5155,0.4295,0.5065,0.421,0.037,0.4275,0.195,0.195,0.3055,0.3,NA,0.05,2000,5,5000,1000,8,8,0,FALSE,FALSE,FALSE,0,0.2,0.3,4,0,0,Same -- Positive,8,0.07103448275862068,Same -- Positive,0/0/0/0/0/0/0/0,0.0710344827586207/0.0710344827586207/0.0710344827586207/0.0710344827586207/0.0710344827586207/0.0710344827586207/0.0710344827586207/0.0710344827586207,1000/1000/1000/1000/1000,8/7/6/5/8,0.3179726875,0
0.9535,0.8475,0.935,0.9985,0.997,0.9985,0.997,0.861,0.998,0.9535,0.9535,0.991,0.9905,NA,0.05,2000,5,5000,1000,8,8,0,FALSE,FALSE,FALSE,0,0.2,0.3,4,0,0,Same -- Positive,8,0.19310344827586207,Same -- Negative,0/0/0/0/0/0/0/0,-0.193103448275862/-0.193103448275862/-0.193103448275862/-0.193103448275862/-0.193103448275862/-0.193103448275862/-0.193103448275862/-0.193103448275862,1000/1000/1000/1000/1000,8/7/6/5/8,0.318174075,0
0.9015,0.882,0.906,0.608,0.5925,0.605,0.5915,0.1245,0.623,0.949,0.971,0.581,0.575,NA,0.05,2000,5,5000,1000,8,8,0,FALSE,FALSE,FALSE,0,0.2,0.3,4,0,0,Same -- Positive,2,0.21344827586206896,Same -- Negative,0/0/0/0/0/0/0/0,-0.213448275862069/-0.213448275862069/0/0/0/0/0/0,1000/1000/1000/1000/1000,8/7/6/5/8,0.3183913625,0
0.984,0.96,0.983,0.9775,0.9675,0.9765,0.9665,0.6135,0.971,0.997,0.992,0.9505,0.949,NA,0.05,2000,5,5000,1000,8,8,0,FALSE,FALSE,FALSE,0,0.2,0.3,4,0,0,Same -- Positive,5,0.21344827586206896,Same -- Negative,0/0/0/0/0/0/0/0,-0.213448275862069/-0.213448275862069/-0.213448275862069/-0.213448275862069/-0.213448275862069/0/0/0,1000/1000/1000/1000/1000,8/7/6/5/8,0.3182790125,0
0.9825,0.93,0.9755,0.999,0.9985,0.999,0.9985,0.94,0.9985,0.9825,0.9825,0.9975,0.9975,NA,0.05,2000,5,5000,1000,8,8,0,FALSE,FALSE,FALSE,0,0.2,0.3,4,0,0,Same -- Positive,8,0.21344827586206896,Same -- Negative,0/0/0/0/0/0/0/0,-0.213448275862069/-0.213448275862069/-0.213448275862069/-0.213448275862069/-0.213448275862069/-0.213448275862069/-0.213448275862069/-0.213448275862069,1000/1000/1000/1000/1000,8/7/6/5/8,0.3185449125,0
0.9455,0.9285,0.9475,0.668,0.665,0.6655,0.663,0.1755,0.692,0.9665,0.9835,0.6525,0.6485,NA,0.05,2000,5,5000,1000,8,8,0,FALSE,FALSE,FALSE,0,0.2,0.3,4,0,0,Same -- Positive,2,0.23379310344827584,Same -- Negative,0/0/0/0/0/0/0/0,-0.233793103448276/-0.233793103448276/0/0/0/0/0/0,1000/1000/1000/1000/1000,8/7/6/5/8,0.3182389375,0
0.9955,0.9815,0.995,0.9925,0.989,0.9925,0.9885,0.7435,0.9905,1,0.9985,0.9765,0.975,NA,0.05,2000,5,5000,1000,8,8,0,FALSE,FALSE,FALSE,0,0.2,0.3,4,0,0,Same -- Positive,5,0.23379310344827584,Same -- Negative,0/0/0/0/0/0/0/0,-0.233793103448276/-0.233793103448276/-0.233793103448276/-0.233793103448276/-0.233793103448276/0/0/0,1000/1000/1000/1000/1000,8/7/6/5/8,0.31848725,0
0.994,0.967,0.9905,1,1,1,1,0.978,1,0.994,0.994,0.9995,0.9995,NA,0.05,2000,5,5000,1000,8,8,0,FALSE,FALSE,FALSE,0,0.2,0.3,4,0,0,Same -- Positive,8,0.23379310344827584,Same -- Negative,0/0/0/0/0/0/0/0,-0.233793103448276/-0.233793103448276/-0.233793103448276/-0.233793103448276/-0.233793103448276/-0.233793103448276/-0.233793103448276/-0.233793103448276,1000/1000/1000/1000/1000,8/7/6/5/8,0.3186060625,0
0.963,0.961,0.967,0.7655,0.754,0.7595,0.7485,0.2405,0.7865,0.9875,0.997,0.7435,0.7385,NA,0.05,2000,5,5000,1000,8,8,0,FALSE,FALSE,FALSE,0,0.2,0.3,4,0,0,Same -- Positive,2,0.25413793103448273,Same -- Negative,0/0/0/0/0/0/0/0,-0.254137931034483/-0.254137931034483/0/0/0/0/0/0,1000/1000/1000/1000/1000,8/7/6/5/8,0.318178675,0
1,0.996,0.999,0.997,0.995,0.9965,0.995,0.8305,0.996,1,1,0.9875,0.987,NA,0.05,2000,5,5000,1000,8,8,0,FALSE,FALSE,FALSE,0,0.2,0.3,4,0,0,Same -- Positive,5,0.25413793103448273,Same -- Negative,0/0/0/0/0/0/0/0,-0.254137931034483/-0.254137931034483/-0.254137931034483/-0.254137931034483/-0.254137931034483/0/0/0,1000/1000/1000/1000/1000,8/7/6/5/8,0.318468975,0
0.998,0.9875,0.9975,1,1,1,1,0.9955,1,0.998,0.998,1,1,NA,0.05,2000,5,5000,1000,8,8,0,FALSE,FALSE,FALSE,0,0.2,0.3,4,0,0,Same -- Positive,8,0.25413793103448273,Same -- Negative,0/0/0/0/0/0/0/0,-0.254137931034483/-0.254137931034483/-0.254137931034483/-0.254137931034483/-0.254137931034483/-0.254137931034483/-0.254137931034483/-0.254137931034483,1000/1000/1000/1000/1000,8/7/6/5/8,0.3185628375,0
0.227,0.2045,0.2305,0.155,0.1315,0.153,0.1265,0.003,0.1365,0.5525,0.358,0.103,0.1,NA,0.05,2000,5,5000,1000,8,8,0,FALSE,FALSE,FALSE,0,0.2,0.3,4,0,0,Same -- Positive,2,0.09137931034482756,Same -- Positive,0/0/0/0/0/0/0/0,0.0913793103448276/0.0913793103448276/0/0/0/0/0/0,1000/1000/1000/1000/1000,8/7/6/5/8,0.3179379,0
0.989,0.984,0.99,0.843,0.829,0.8375,0.8245,0.3485,0.8505,0.9935,0.9975,0.8175,0.8155,NA,0.05,2000,5,5000,1000,8,8,0,FALSE,FALSE,FALSE,0,0.2,0.3,4,0,0,Same -- Positive,2,0.27448275862068966,Same -- Negative,0/0/0/0/0/0/0/0,-0.27448275862069/-0.27448275862069/0/0/0/0/0/0,1000/1000/1000/1000/1000,8/7/6/5/8,0.3182616625,0
1,0.9995,1,0.9995,0.9985,0.9995,0.999,0.912,0.999,1,1,0.998,0.998,NA,0.05,2000,5,5000,1000,8,8,0,FALSE,FALSE,FALSE,0,0.2,0.3,4,0,0,Same -- Positive,5,0.27448275862068966,Same -- Negative,0/0/0/0/0/0/0/0,-0.27448275862069/-0.27448275862069/-0.27448275862069/-0.27448275862069/-0.27448275862069/0/0/0,1000/1000/1000/1000/1000,8/7/6/5/8,0.3184622875,0
0.9995,0.996,0.9995,1,1,1,1,0.999,1,0.9995,0.9995,1,1,NA,0.05,2000,5,5000,1000,8,8,0,FALSE,FALSE,FALSE,0,0.2,0.3,4,0,0,Same -- Positive,8,0.27448275862068966,Same -- Negative,0/0/0/0/0/0/0/0,-0.27448275862069/-0.27448275862069/-0.27448275862069/-0.27448275862069/-0.27448275862069/-0.27448275862069/-0.27448275862069/-0.27448275862069,1000/1000/1000/1000/1000,8/7/6/5/8,0.31886755,0
0.9945,0.9895,0.9935,0.8865,0.881,0.883,0.8755,0.4195,0.897,0.9935,1,0.8725,0.87,NA,0.05,2000,5,5000,1000,8,8,0,FALSE,FALSE,FALSE,0,0.2,0.3,4,0,0,Same -- Positive,2,0.29482758620689653,Same -- Negative,0/0/0/0/0/0/0/0,-0.294827586206897/-0.294827586206897/0/0/0/0/0/0,1000/1000/1000/1000/1000,8/7/6/5/8,0.3182924,0
1,0.9995,1,1,1,1,1,0.954,1,1,1,0.999,0.999,NA,0.05,2000,5,5000,1000,8,8,0,FALSE,FALSE,FALSE,0,0.2,0.3,4,0,0,Same -- Positive,5,0.29482758620689653,Same -- Negative,0/0/0/0/0/0/0/0,-0.294827586206897/-0.294827586206897/-0.294827586206897/-0.294827586206897/-0.294827586206897/0/0/0,1000/1000/1000/1000/1000,8/7/6/5/8,0.3188004875,0
1,1,1,1,1,1,1,1,1,1,1,1,1,NA,0.05,2000,5,5000,1000,8,8,0,FALSE,FALSE,FALSE,0,0.2,0.3,4,0,0,Same -- Positive,8,0.29482758620689653,Same -- Negative,0/0/0/0/0/0/0/0,-0.294827586206897/-0.294827586206897/-0.294827586206897/-0.294827586206897/-0.294827586206897/-0.294827586206897/-0.294827586206897/-0.294827586206897,1000/1000/1000/1000/1000,8/7/6/5/8,0.3189107125,0
0.9965,0.9965,0.9975,0.931,0.9265,0.9275,0.923,0.5465,0.939,0.999,0.9995,0.9235,0.9205,NA,0.05,2000,5,5000,1000,8,8,0,FALSE,FALSE,FALSE,0,0.2,0.3,4,0,0,Same -- Positive,2,0.31517241379310346,Same -- Negative,0/0/0/0/0/0/0/0,-0.315172413793103/-0.315172413793103/0/0/0/0/0/0,1000/1000/1000/1000/1000,8/7/6/5/8,0.318328625,0
1,0.9995,1,1,0.999,1,0.999,0.9795,1,1,1,0.999,0.999,NA,0.05,2000,5,5000,1000,8,8,0,FALSE,FALSE,FALSE,0,0.2,0.3,4,0,0,Same -- Positive,5,0.31517241379310346,Same -- Negative,0/0/0/0/0/0/0/0,-0.315172413793103/-0.315172413793103/-0.315172413793103/-0.315172413793103/-0.315172413793103/0/0/0,1000/1000/1000/1000/1000,8/7/6/5/8,0.3185532,0
1,1,1,1,1,1,1,1,1,1,1,1,1,NA,0.05,2000,5,5000,1000,8,8,0,FALSE,FALSE,FALSE,0,0.2,0.3,4,0,0,Same -- Positive,8,0.31517241379310346,Same -- Negative,0/0/0/0/0/0/0/0,-0.315172413793103/-0.315172413793103/-0.315172413793103/-0.315172413793103/-0.315172413793103/-0.315172413793103/-0.315172413793103/-0.315172413793103,1000/1000/1000/1000/1000,8/7/6/5/8,0.3188213875,0
0.997,0.9975,0.997,0.959,0.9545,0.958,0.9535,0.6635,0.965,0.9975,0.9995,0.95,0.95,NA,0.05,2000,5,5000,1000,8,8,0,FALSE,FALSE,FALSE,0,0.2,0.3,4,0,0,Same -- Positive,2,0.3355172413793103,Same -- Negative,0/0/0/0/0/0/0/0,-0.33551724137931/-0.33551724137931/0/0/0/0/0/0,1000/1000/1000/1000/1000,8/7/6/5/8,0.3182992125,0
0.3395,0.2705,0.336,0.418,0.359,0.408,0.35,0.0235,0.3595,0.689,0.39,0.275,0.268,NA,0.05,2000,5,5000,1000,8,8,0,FALSE,FALSE,FALSE,0,0.2,0.3,4,0,0,Same -- Positive,5,0.09137931034482756,Same -- Positive,0/0/0/0/0/0/0/0,0.0913793103448276/0.0913793103448276/0.0913793103448276/0.0913793103448276/0.0913793103448276/0/0/0,1000/1000/1000/1000/1000,8/7/6/5/8,0.3179340625,0
1,1,1,1,1,1,1,0.9975,1,1,1,1,1,NA,0.05,2000,5,5000,1000,8,8,0,FALSE,FALSE,FALSE,0,0.2,0.3,4,0,0,Same -- Positive,5,0.3355172413793103,Same -- Negative,0/0/0/0/0/0/0/0,-0.33551724137931/-0.33551724137931/-0.33551724137931/-0.33551724137931/-0.33551724137931/0/0/0,1000/1000/1000/1000/1000,8/7/6/5/8,0.3186370375,0
1,1,1,1,1,1,1,1,1,1,1,1,1,NA,0.05,2000,5,5000,1000,8,8,0,FALSE,FALSE,FALSE,0,0.2,0.3,4,0,0,Same -- Positive,8,0.3355172413793103,Same -- Negative,0/0/0/0/0/0/0/0,-0.33551724137931/-0.33551724137931/-0.33551724137931/-0.33551724137931/-0.33551724137931/-0.33551724137931/-0.33551724137931/-0.33551724137931,1000/1000/1000/1000/1000,8/7/6/5/8,0.3193250875,0
0.998,0.9985,0.999,0.976,0.9725,0.9765,0.973,0.757,0.9785,0.999,1,0.9675,0.966,NA,0.05,2000,5,5000,1000,8,8,0,FALSE,FALSE,FALSE,0,0.2,0.3,4,0,0,Same -- Positive,2,0.3558620689655172,Same -- Negative,0/0/0/0/0/0/0/0,-0.355862068965517/-0.355862068965517/0/0/0/0/0/0,1000/1000/1000/1000/1000,8/7/6/5/8,0.318285975,0
1,1,1,1,1,1,1,0.997,1,1,1,0.9995,0.9995,NA,0.05,2000,5,5000,1000,8,8,0,FALSE,FALSE,FALSE,0,0.2,0.3,4,0,0,Same -- Positive,5,0.3558620689655172,Same -- Negative,0/0/0/0/0/0/0/0,-0.355862068965517/-0.355862068965517/-0.355862068965517/-0.355862068965517/-0.355862068965517/0/0/0,1000/1000/1000/1000/1000,8/7/6/5/8,0.3188056125,0
1,1,1,1,1,1,1,1,1,1,1,1,1,NA,0.05,2000,5,5000,1000,8,8,0,FALSE,FALSE,FALSE,0,0.2,0.3,4,0,0,Same -- Positive,8,0.3558620689655172,Same -- Negative,0/0/0/0/0/0/0/0,-0.355862068965517/-0.355862068965517/-0.355862068965517/-0.355862068965517/-0.355862068965517/-0.355862068965517/-0.355862068965517/-0.355862068965517,1000/1000/1000/1000/1000,8/7/6/5/8,0.3193894375,0
1,1,1,0.986,0.985,0.9855,0.9845,0.8215,0.986,1,1,0.98,0.9785,NA,0.05,2000,5,5000,1000,8,8,0,FALSE,FALSE,FALSE,0,0.2,0.3,4,0,0,Same -- Positive,2,0.3762068965517241,Same -- Negative,0/0/0/0/0/0/0/0,-0.376206896551724/-0.376206896551724/0/0/0/0/0/0,1000/1000/1000/1000/1000,8/7/6/5/8,0.318532675,0
1,1,1,1,1,1,1,0.9995,1,1,1,1,1,NA,0.05,2000,5,5000,1000,8,8,0,FALSE,FALSE,FALSE,0,0.2,0.3,4,0,0,Same -- Positive,5,0.3762068965517241,Same -- Negative,0/0/0/0/0/0/0/0,-0.376206896551724/-0.376206896551724/-0.376206896551724/-0.376206896551724/-0.376206896551724/0/0/0,1000/1000/1000/1000/1000,8/7/6/5/8,0.318987475,0
1,1,1,1,1,1,1,1,1,1,1,1,1,NA,0.05,2000,5,5000,1000,8,8,0,FALSE,FALSE,FALSE,0,0.2,0.3,4,0,0,Same -- Positive,8,0.3762068965517241,Same -- Negative,0/0/0/0/0/0/0/0,-0.376206896551724/-0.376206896551724/-0.376206896551724/-0.376206896551724/-0.376206896551724/-0.376206896551724/-0.376206896551724/-0.376206896551724,1000/1000/1000/1000/1000,8/7/6/5/8,0.31934155,0
1,1,1,0.9935,0.9925,0.9935,0.9925,0.8965,0.994,0.9995,1,0.99,0.9895,NA,0.05,2000,5,5000,1000,8,8,0,FALSE,FALSE,FALSE,0,0.2,0.3,4,0,0,Same -- Positive,2,0.396551724137931,Same -- Negative,0/0/0/0/0/0/0/0,-0.396551724137931/-0.396551724137931/0/0/0/0/0/0,1000/1000/1000/1000/1000,8/7/6/5/8,0.3185123125,0
1,1,1,1,1,1,1,1,1,1,1,1,1,NA,0.05,2000,5,5000,1000,8,8,0,FALSE,FALSE,FALSE,0,0.2,0.3,4,0,0,Same -- Positive,5,0.396551724137931,Same -- Negative,0/0/0/0/0/0/0/0,-0.396551724137931/-0.396551724137931/-0.396551724137931/-0.396551724137931/-0.396551724137931/0/0/0,1000/1000/1000/1000/1000,8/7/6/5/8,0.3190611875,0
0.3155,0.2325,0.297,0.7205,0.644,0.7155,0.639,0.0865,0.643,0.3155,0.3155,0.507,0.5015,NA,0.05,2000,5,5000,1000,8,8,0,FALSE,FALSE,FALSE,0,0.2,0.3,4,0,0,Same -- Positive,8,0.09137931034482756,Same -- Positive,0/0/0/0/0/0/0/0,0.0913793103448276/0.0913793103448276/0.0913793103448276/0.0913793103448276/0.0913793103448276/0.0913793103448276/0.0913793103448276/0.0913793103448276,1000/1000/1000/1000/1000,8/7/6/5/8,0.31812065,0
1,1,1,1,1,1,1,1,1,1,1,1,1,NA,0.05,2000,5,5000,1000,8,8,0,FALSE,FALSE,FALSE,0,0.2,0.3,4,0,0,Same -- Positive,8,0.396551724137931,Same -- Negative,0/0/0/0/0/0/0/0,-0.396551724137931/-0.396551724137931/-0.396551724137931/-0.396551724137931/-0.396551724137931/-0.396551724137931/-0.396551724137931/-0.396551724137931,1000/1000/1000/1000/1000,8/7/6/5/8,0.319674425,0
0.9995,0.9995,0.9995,0.997,0.9965,0.997,0.996,0.9315,0.9965,1,1,0.9915,0.9915,NA,0.05,2000,5,5000,1000,8,8,0,FALSE,FALSE,FALSE,0,0.2,0.3,4,0,0,Same -- Positive,2,0.4168965517241379,Same -- Negative,0/0/0/0/0/0/0/0,-0.416896551724138/-0.416896551724138/0/0/0/0/0/0,1000/1000/1000/1000/1000,8/7/6/5/8,0.3183732,0
1,1,1,1,1,1,1,1,1,1,1,1,1,NA,0.05,2000,5,5000,1000,8,8,0,FALSE,FALSE,FALSE,0,0.2,0.3,4,0,0,Same -- Positive,5,0.4168965517241379,Same -- Negative,0/0/0/0/0/0/0/0,-0.416896551724138/-0.416896551724138/-0.416896551724138/-0.416896551724138/-0.416896551724138/0/0/0,1000/1000/1000/1000/1000,8/7/6/5/8,0.318966275,0
1,1,1,1,1,1,1,1,1,1,1,1,1,NA,0.05,2000,5,5000,1000,8,8,0,FALSE,FALSE,FALSE,0,0.2,0.3,4,0,0,Same -- Positive,8,0.4168965517241379,Same -- Negative,0/0/0/0/0/0/0/0,-0.416896551724138/-0.416896551724138/-0.416896551724138/-0.416896551724138/-0.416896551724138/-0.416896551724138/-0.416896551724138/-0.416896551724138,1000/1000/1000/1000/1000,8/7/6/5/8,0.3197444125,0
1,1,1,0.9985,0.996,0.9985,0.9975,0.9685,0.999,1,1,0.996,0.996,NA,0.05,2000,5,5000,1000,8,8,0,FALSE,FALSE,FALSE,0,0.2,0.3,4,0,0,Same -- Positive,2,0.4372413793103448,Same -- Negative,0/0/0/0/0/0/0/0,-0.437241379310345/-0.437241379310345/0/0/0/0/0/0,1000/1000/1000/1000/1000,8/7/6/5/8,0.3184762875,0
1,1,1,1,1,1,1,1,1,1,1,1,1,NA,0.05,2000,5,5000,1000,8,8,0,FALSE,FALSE,FALSE,0,0.2,0.3,4,0,0,Same -- Positive,5,0.4372413793103448,Same -- Negative,0/0/0/0/0/0/0/0,-0.437241379310345/-0.437241379310345/-0.437241379310345/-0.437241379310345/-0.437241379310345/0/0/0,1000/1000/1000/1000/1000,8/7/6/5/8,0.31927815,0
1,1,1,1,1,1,1,1,1,1,1,1,1,NA,0.05,2000,5,5000,1000,8,8,0,FALSE,FALSE,FALSE,0,0.2,0.3,4,0,0,Same -- Positive,8,0.4372413793103448,Same -- Negative,0/0/0/0/0/0/0/0,-0.437241379310345/-0.437241379310345/-0.437241379310345/-0.437241379310345/-0.437241379310345/-0.437241379310345/-0.437241379310345/-0.437241379310345,1000/1000/1000/1000/1000,8/7/6/5/8,0.3199594125,0
1,1,1,0.999,0.999,0.999,0.999,0.983,0.999,1,1,0.9985,0.9985,NA,0.05,2000,5,5000,1000,8,8,0,FALSE,FALSE,FALSE,0,0.2,0.3,4,0,0,Same -- Positive,2,0.4575862068965517,Same -- Negative,0/0/0/0/0/0/0/0,-0.457586206896552/-0.457586206896552/0/0/0/0/0/0,1000/1000/1000/1000/1000,8/7/6/5/8,0.318517875,0
1,1,1,1,1,1,1,1,1,1,1,1,1,NA,0.05,2000,5,5000,1000,8,8,0,FALSE,FALSE,FALSE,0,0.2,0.3,4,0,0,Same -- Positive,5,0.4575862068965517,Same -- Negative,0/0/0/0/0/0/0/0,-0.457586206896552/-0.457586206896552/-0.457586206896552/-0.457586206896552/-0.457586206896552/0/0/0,1000/1000/1000/1000/1000,8/7/6/5/8,0.319496175,0
1,1,1,1,1,1,1,1,1,1,1,1,1,NA,0.05,2000,5,5000,1000,8,8,0,FALSE,FALSE,FALSE,0,0.2,0.3,4,0,0,Same -- Positive,8,0.4575862068965517,Same -- Negative,0/0/0/0/0/0/0/0,-0.457586206896552/-0.457586206896552/-0.457586206896552/-0.457586206896552/-0.457586206896552/-0.457586206896552/-0.457586206896552/-0.457586206896552,1000/1000/1000/1000/1000,8/7/6/5/8,0.320188825,0
0.3325,0.31,0.346,0.2035,0.1745,0.1995,0.1685,0.006,0.184,0.6665,0.505,0.136,0.131,NA,0.05,2000,5,5000,1000,8,8,0,FALSE,FALSE,FALSE,0,0.2,0.3,4,0,0,Same -- Positive,2,0.11172413793103449,Same -- Positive,0/0/0/0/0/0/0/0,0.111724137931034/0.111724137931034/0/0/0/0/0/0,1000/1000/1000/1000/1000,8/7/6/5/8,0.3181829,0
1,1,1,1,1,1,1,0.992,1,1,1,1,1,NA,0.05,2000,5,5000,1000,8,8,0,FALSE,FALSE,FALSE,0,0.2,0.3,4,0,0,Same -- Positive,2,0.4779310344827586,Same -- Negative,0/0/0/0/0/0/0/0,-0.477931034482759/-0.477931034482759/0/0/0/0/0/0,1000/1000/1000/1000/1000,8/7/6/5/8,0.3186720625,0
1,1,1,1,1,1,1,1,1,1,1,1,1,NA,0.05,2000,5,5000,1000,8,8,0,FALSE,FALSE,FALSE,0,0.2,0.3,4,0,0,Same -- Positive,5,0.4779310344827586,Same -- Negative,0/0/0/0/0/0/0/0,-0.477931034482759/-0.477931034482759/-0.477931034482759/-0.477931034482759/-0.477931034482759/0/0/0,1000/1000/1000/1000/1000,8/7/6/5/8,0.3194599625,0
1,1,1,1,1,1,1,1,1,1,1,1,1,NA,0.05,2000,5,5000,1000,8,8,0,FALSE,FALSE,FALSE,0,0.2,0.3,4,0,0,Same -- Positive,8,0.4779310344827586,Same -- Negative,0/0/0/0/0/0/0/0,-0.477931034482759/-0.477931034482759/-0.477931034482759/-0.477931034482759/-0.477931034482759/-0.477931034482759/-0.477931034482759/-0.477931034482759,1000/1000/1000/1000/1000,8/7/6/5/8,0.3203986375,0
1,1,1,1,1,1,1,0.995,1,1,1,1,1,NA,0.05,2000,5,5000,1000,8,8,0,FALSE,FALSE,FALSE,0,0.2,0.3,4,0,0,Same -- Positive,2,0.49827586206896546,Same -- Negative,0/0/0/0/0/0/0/0,-0.498275862068965/-0.498275862068965/0/0/0/0/0/0,1000/1000/1000/1000/1000,8/7/6/5/8,0.3186158875,0
1,1,1,1,1,1,1,1,1,1,1,1,1,NA,0.05,2000,5,5000,1000,8,8,0,FALSE,FALSE,FALSE,0,0.2,0.3,4,0,0,Same -- Positive,5,0.49827586206896546,Same -- Negative,0/0/0/0/0/0/0/0,-0.498275862068965/-0.498275862068965/-0.498275862068965/-0.498275862068965/-0.498275862068965/0/0/0,1000/1000/1000/1000/1000,8/7/6/5/8,0.3196954,0
1,1,1,1,1,1,1,1,1,1,1,1,1,NA,0.05,2000,5,5000,1000,8,8,0,FALSE,FALSE,FALSE,0,0.2,0.3,4,0,0,Same -- Positive,8,0.49827586206896546,Same -- Negative,0/0/0/0/0/0/0/0,-0.498275862068965/-0.498275862068965/-0.498275862068965/-0.498275862068965/-0.498275862068965/-0.498275862068965/-0.498275862068965/-0.498275862068965,1000/1000/1000/1000/1000,8/7/6/5/8,0.3206773375,0
1,1,1,1,1,1,1,0.999,1,1,1,1,1,NA,0.05,2000,5,5000,1000,8,8,0,FALSE,FALSE,FALSE,0,0.2,0.3,4,0,0,Same -- Positive,2,0.5186206896551724,Same -- Negative,0/0/0/0/0/0/0/0,-0.518620689655172/-0.518620689655172/0/0/0/0/0/0,1000/1000/1000/1000/1000,8/7/6/5/8,0.3187461625,0
1,1,1,1,1,1,1,1,1,1,1,1,1,NA,0.05,2000,5,5000,1000,8,8,0,FALSE,FALSE,FALSE,0,0.2,0.3,4,0,0,Same -- Positive,5,0.5186206896551724,Same -- Negative,0/0/0/0/0/0/0/0,-0.518620689655172/-0.518620689655172/-0.518620689655172/-0.518620689655172/-0.518620689655172/0/0/0,1000/1000/1000/1000/1000,8/7/6/5/8,0.3196289875,0
1,1,1,1,1,1,1,1,1,1,1,1,1,NA,0.05,2000,5,5000,1000,8,8,0,FALSE,FALSE,FALSE,0,0.2,0.3,4,0,0,Same -- Positive,8,0.5186206896551724,Same -- Negative,0/0/0/0/0/0/0/0,-0.518620689655172/-0.518620689655172/-0.518620689655172/-0.518620689655172/-0.518620689655172/-0.518620689655172/-0.518620689655172/-0.518620689655172,1000/1000/1000/1000/1000,8/7/6/5/8,0.320552125,0
1,1,1,1,1,1,1,0.9995,1,1,1,1,1,NA,0.05,2000,5,5000,1000,8,8,0,FALSE,FALSE,FALSE,0,0.2,0.3,4,0,0,Same -- Positive,2,0.5389655172413793,Same -- Negative,0/0/0/0/0/0/0/0,-0.538965517241379/-0.538965517241379/0/0/0/0/0/0,1000/1000/1000/1000/1000,8/7/6/5/8,0.31861335,0
0.495,0.3805,0.476,0.573,0.5125,0.566,0.507,0.0555,0.524,0.799,0.556,0.405,0.3985,NA,0.05,2000,5,5000,1000,8,8,0,FALSE,FALSE,FALSE,0,0.2,0.3,4,0,0,Same -- Positive,5,0.11172413793103449,Same -- Positive,0/0/0/0/0/0/0/0,0.111724137931034/0.111724137931034/0.111724137931034/0.111724137931034/0.111724137931034/0/0/0,1000/1000/1000/1000/1000,8/7/6/5/8,0.3178828125,0
1,1,1,1,1,1,1,1,1,1,1,1,1,NA,0.05,2000,5,5000,1000,8,8,0,FALSE,FALSE,FALSE,0,0.2,0.3,4,0,0,Same -- Positive,5,0.5389655172413793,Same -- Negative,0/0/0/0/0/0/0/0,-0.538965517241379/-0.538965517241379/-0.538965517241379/-0.538965517241379/-0.538965517241379/0/0/0,1000/1000/1000/1000/1000,8/7/6/5/8,0.319756925,0
1,1,1,1,1,1,1,1,1,1,1,1,1,NA,0.05,2000,5,5000,1000,8,8,0,FALSE,FALSE,FALSE,0,0.2,0.3,4,0,0,Same -- Positive,8,0.5389655172413793,Same -- Negative,0/0/0/0/0/0/0/0,-0.538965517241379/-0.538965517241379/-0.538965517241379/-0.538965517241379/-0.538965517241379/-0.538965517241379/-0.538965517241379/-0.538965517241379,1000/1000/1000/1000/1000,8/7/6/5/8,0.321072875,0
1,1,1,1,1,1,1,0.9995,1,1,1,1,1,NA,0.05,2000,5,5000,1000,8,8,0,FALSE,FALSE,FALSE,0,0.2,0.3,4,0,0,Same -- Positive,2,0.5593103448275861,Same -- Negative,0/0/0/0/0/0/0/0,-0.559310344827586/-0.559310344827586/0/0/0/0/0/0,1000/1000/1000/1000/1000,8/7/6/5/8,0.318832025,0
1,1,1,1,1,1,1,1,1,1,1,1,1,NA,0.05,2000,5,5000,1000,8,8,0,FALSE,FALSE,FALSE,0,0.2,0.3,4,0,0,Same -- Positive,5,0.5593103448275861,Same -- Negative,0/0/0/0/0/0/0/0,-0.559310344827586/-0.559310344827586/-0.559310344827586/-0.559310344827586/-0.559310344827586/0/0/0,1000/1000/1000/1000/1000,8/7/6/5/8,0.31993435,0
1,1,1,1,1,1,1,1,1,1,1,1,1,NA,0.05,2000,5,5000,1000,8,8,0,FALSE,FALSE,FALSE,0,0.2,0.3,4,0,0,Same -- Positive,8,0.5593103448275861,Same -- Negative,0/0/0/0/0/0/0/0,-0.559310344827586/-0.559310344827586/-0.559310344827586/-0.559310344827586/-0.559310344827586/-0.559310344827586/-0.559310344827586/-0.559310344827586,1000/1000/1000/1000/1000,8/7/6/5/8,0.3211096,0
1,1,1,1,1,1,1,0.9995,1,1,1,1,1,NA,0.05,2000,5,5000,1000,8,8,0,FALSE,FALSE,FALSE,0,0.2,0.3,4,0,0,Same -- Positive,2,0.579655172413793,Same -- Negative,0/0/0/0/0/0/0/0,-0.579655172413793/-0.579655172413793/0/0/0/0/0/0,1000/1000/1000/1000/1000,8/7/6/5/8,0.31883985,0
1,1,1,1,1,1,1,1,1,1,1,1,1,NA,0.05,2000,5,5000,1000,8,8,0,FALSE,FALSE,FALSE,0,0.2,0.3,4,0,0,Same -- Positive,5,0.579655172413793,Same -- Negative,0/0/0/0/0/0/0/0,-0.579655172413793/-0.579655172413793/-0.579655172413793/-0.579655172413793/-0.579655172413793/0/0/0,1000/1000/1000/1000/1000,8/7/6/5/8,0.3199787375,0
1,1,1,1,1,1,1,1,1,1,1,1,1,NA,0.05,2000,5,5000,1000,8,8,0,FALSE,FALSE,FALSE,0,0.2,0.3,4,0,0,Same -- Positive,8,0.579655172413793,Same -- Negative,0/0/0/0/0/0/0/0,-0.579655172413793/-0.579655172413793/-0.579655172413793/-0.579655172413793/-0.579655172413793/-0.579655172413793/-0.579655172413793/-0.579655172413793,1000/1000/1000/1000/1000,8/7/6/5/8,0.321748375,0
1,1,1,1,1,1,1,1,1,1,1,1,1,NA,0.05,2000,5,5000,1000,8,8,0,FALSE,FALSE,FALSE,0,0.2,0.3,4,0,0,Same -- Positive,2,0.6,Same -- Negative,0/0/0/0/0/0/0/0,-0.6/-0.6/0/0/0/0/0/0,1000/1000/1000/1000/1000,8/7/6/5/8,0.318908275,0
1,1,1,1,1,1,1,1,1,1,1,1,1,NA,0.05,2000,5,5000,1000,8,8,0,FALSE,FALSE,FALSE,0,0.2,0.3,4,0,0,Same -- Positive,5,0.6,Same -- Negative,0/0/0/0/0/0/0/0,-0.6/-0.6/-0.6/-0.6/-0.6/0/0/0,1000/1000/1000/1000/1000,8/7/6/5/8,0.3204149125,0
0.4595,0.3515,0.442,0.8585,0.803,0.8545,0.7975,0.189,0.8015,0.4595,0.4595,0.686,0.6795,NA,0.05,2000,5,5000,1000,8,8,0,FALSE,FALSE,FALSE,0,0.2,0.3,4,0,0,Same -- Positive,8,0.11172413793103449,Same -- Positive,0/0/0/0/0/0/0/0,0.111724137931034/0.111724137931034/0.111724137931034/0.111724137931034/0.111724137931034/0.111724137931034/0.111724137931034/0.111724137931034,1000/1000/1000/1000/1000,8/7/6/5/8,0.3182856625,0
1,1,1,1,1,1,1,1,1,1,1,1,1,NA,0.05,2000,5,5000,1000,8,8,0,FALSE,FALSE,FALSE,0,0.2,0.3,4,0,0,Same -- Positive,8,0.6,Same -- Negative,0/0/0/0/0/0/0/0,-0.6/-0.6/-0.6/-0.6/-0.6/-0.6/-0.6/-0.6,1000/1000/1000/1000/1000,8/7/6/5/8,0.32180745,0
0.0495,0.0485,0.049,0.081,0.057,0.079,0.0555,0,0.0565,0.2805,0.052,0.031,0.028,NA,0.05,2000,5,5000,1000,8,8,0,FALSE,FALSE,FALSE,0,0.2,0.3,4,0,0,Same -- Positive,2,0.01,Opposite,0/0/0/0/0/0/0/0,0.01/-0.01/0/0/0/0/0/0,1000/1000/1000/1000/1000,8/7/6/5/8,0.318143475,0
0.0545,0.0595,0.057,0.0925,0.0605,0.0895,0.0595,0,0.062,0.2405,0.058,0.035,0.033,NA,0.05,2000,5,5000,1000,8,8,0,FALSE,FALSE,FALSE,0,0.2,0.3,4,0,0,Same -- Positive,5,0.01,Opposite,0/0/0/0/0/0/0/0,0.01/-0.01/0.01/0.01/-0.01/0/0/0,1000/1000/1000/1000/1000,8/7/6/5/8,0.3180121125,0
0.066,0.0665,0.07,0.084,0.056,0.0795,0.054,5e-4,0.055,0.066,0.066,0.0385,0.0365,NA,0.05,2000,5,5000,1000,8,8,0,FALSE,FALSE,FALSE,0,0.2,0.3,4,0,0,Same -- Positive,8,0.01,Opposite,0/0/0/0/0/0/0/0,0.01/-0.01/0.01/0.01/-0.01/0.01/0.01/-0.01,1000/1000/1000/1000/1000,8/7/6/5/8,0.3178465625,0
0.069,0.07,0.077,0.0945,0.0655,0.0905,0.0635,0,0.0655,0.331,0.1,0.0395,0.037,NA,0.05,2000,5,5000,1000,8,8,0,FALSE,FALSE,FALSE,0,0.2,0.3,4,0,0,Same -- Positive,2,0.03034482758620689,Opposite,0/0/0/0/0/0/0/0,0.0303448275862069/-0.0303448275862069/0/0/0/0/0/0,1000/1000/1000/1000/1000,8/7/6/5/8,0.31804575,0
0.1025,0.0895,0.0985,0.1015,0.0725,0.099,0.0695,5e-4,0.0735,0.308,0.109,0.0485,0.0465,NA,0.05,2000,5,5000,1000,8,8,0,FALSE,FALSE,FALSE,0,0.2,0.3,4,0,0,Same -- Positive,5,0.03034482758620689,Opposite,0/0/0/0/0/0/0/0,0.0303448275862069/-0.0303448275862069/0.0303448275862069/0.0303448275862069/-0.0303448275862069/0/0/0,1000/1000/1000/1000/1000,8/7/6/5/8,0.318030175,0
0.138,0.1175,0.131,0.1095,0.0855,0.105,0.077,0.001,0.0835,0.138,0.138,0.0505,0.048,NA,0.05,2000,5,5000,1000,8,8,0,FALSE,FALSE,FALSE,0,0.2,0.3,4,0,0,Same -- Positive,8,0.03034482758620689,Opposite,0/0/0/0/0/0/0/0,0.0303448275862069/-0.0303448275862069/0.0303448275862069/0.0303448275862069/-0.0303448275862069/0.0303448275862069/0.0303448275862069/-0.0303448275862069,1000/1000/1000/1000/1000,8/7/6/5/8,0.318053125,0
0.119,0.101,0.1195,0.086,0.067,0.083,0.0645,0,0.0675,0.415,0.1845,0.042,0.0405,NA,0.05,2000,5,5000,1000,8,8,0,FALSE,FALSE,FALSE,0,0.2,0.3,4,0,0,Same -- Positive,2,0.05068965517241379,Opposite,0/0/0/0/0/0/0/0,0.0506896551724138/-0.0506896551724138/0/0/0/0/0/0,1000/1000/1000/1000/1000,8/7/6/5/8,0.317994325,0
0.2155,0.1815,0.21,0.121,0.099,0.117,0.0955,0.001,0.1025,0.4515,0.2535,0.0635,0.061,NA,0.05,2000,5,5000,1000,8,8,0,FALSE,FALSE,FALSE,0,0.2,0.3,4,0,0,Same -- Positive,5,0.05068965517241379,Opposite,0/0/0/0/0/0/0/0,0.0506896551724138/-0.0506896551724138/0.0506896551724138/0.0506896551724138/-0.0506896551724138/0/0/0,1000/1000/1000/1000/1000,8/7/6/5/8,0.3180215375,0
0.339,0.246,0.3215,0.1565,0.1245,0.153,0.1215,0.0025,0.131,0.339,0.339,0.0865,0.083,NA,0.05,2000,5,5000,1000,8,8,0,FALSE,FALSE,FALSE,0,0.2,0.3,4,0,0,Same -- Positive,8,0.05068965517241379,Opposite,0/0/0/0/0/0/0/0,0.0506896551724138/-0.0506896551724138/0.0506896551724138/0.0506896551724138/-0.0506896551724138/0.0506896551724138/0.0506896551724138/-0.0506896551724138,1000/1000/1000/1000/1000,8/7/6/5/8,0.3180085125,0
0.474,0.444,0.4835,0.2795,0.2595,0.272,0.2505,0.014,0.2695,0.7395,0.666,0.2225,0.2135,NA,0.05,2000,5,5000,1000,8,8,0,FALSE,FALSE,FALSE,0,0.2,0.3,4,0,0,Same -- Positive,2,0.13206896551724137,Same -- Positive,0/0/0/0/0/0/0/0,0.132068965517241/0.132068965517241/0/0/0/0/0/0,1000/1000/1000/1000/1000,8/7/6/5/8,0.3182020625,0
0.188,0.186,0.2015,0.084,0.0635,0.08,0.0625,5e-4,0.066,0.546,0.3385,0.0435,0.04,NA,0.05,2000,5,5000,1000,8,8,0,FALSE,FALSE,FALSE,0,0.2,0.3,4,0,0,Same -- Positive,2,0.07103448275862068,Opposite,0/0/0/0/0/0/0/0,0.0710344827586207/-0.0710344827586207/0/0/0/0/0/0,1000/1000/1000/1000/1000,8/7/6/5/8,0.318283025,0
0.406,0.3255,0.39,0.1725,0.14,0.169,0.138,0.0055,0.1475,0.636,0.4765,0.1065,0.1,NA,0.05,2000,5,5000,1000,8,8,0,FALSE,FALSE,FALSE,0,0.2,0.3,4,0,0,Same -- Positive,5,0.07103448275862068,Opposite,0/0/0/0/0/0/0/0,0.0710344827586207/-0.0710344827586207/0.0710344827586207/0.0710344827586207/-0.0710344827586207/0/0/0,1000/1000/1000/1000/1000,8/7/6/5/8,0.31798995,0
0.643,0.4875,0.6125,0.2405,0.1935,0.2355,0.1875,0.0055,0.205,0.643,0.643,0.148,0.1425,NA,0.05,2000,5,5000,1000,8,8,0,FALSE,FALSE,FALSE,0,0.2,0.3,4,0,0,Same -- Positive,8,0.07103448275862068,Opposite,0/0/0/0/0/0/0/0,0.0710344827586207/-0.0710344827586207/0.0710344827586207/0.0710344827586207/-0.0710344827586207/0.0710344827586207/0.0710344827586207/-0.0710344827586207,1000/1000/1000/1000/1000,8/7/6/5/8,0.3180473,0
0.3,0.2855,0.313,0.114,0.0925,0.11,0.0875,0.001,0.1015,0.6635,0.5055,0.0685,0.0635,NA,0.05,2000,5,5000,1000,8,8,0,FALSE,FALSE,FALSE,0,0.2,0.3,4,0,0,Same -- Positive,2,0.09137931034482756,Opposite,0/0/0/0/0/0/0/0,0.0913793103448276/-0.0913793103448276/0/0/0/0/0/0,1000/1000/1000/1000/1000,8/7/6/5/8,0.317947575,0
0.6535,0.526,0.6265,0.24,0.207,0.2305,0.203,0.0085,0.216,0.824,0.716,0.163,0.156,NA,0.05,2000,5,5000,1000,8,8,0,FALSE,FALSE,FALSE,0,0.2,0.3,4,0,0,Same -- Positive,5,0.09137931034482756,Opposite,0/0/0/0/0/0/0/0,0.0913793103448276/-0.0913793103448276/0.0913793103448276/0.0913793103448276/-0.0913793103448276/0/0/0,1000/1000/1000/1000/1000,8/7/6/5/8,0.3179010125,0
0.866,0.75,0.846,0.352,0.291,0.344,0.284,0.021,0.3035,0.866,0.866,0.2405,0.236,NA,0.05,2000,5,5000,1000,8,8,0,FALSE,FALSE,FALSE,0,0.2,0.3,4,0,0,Same -- Positive,8,0.09137931034482756,Opposite,0/0/0/0/0/0/0/0,0.0913793103448276/-0.0913793103448276/0.0913793103448276/0.0913793103448276/-0.0913793103448276/0.0913793103448276/0.0913793103448276/-0.0913793103448276,1000/1000/1000/1000/1000,8/7/6/5/8,0.3179887375,0
0.491,0.4565,0.4945,0.148,0.129,0.143,0.123,0.0025,0.141,0.8085,0.707,0.1065,0.102,NA,0.05,2000,5,5000,1000,8,8,0,FALSE,FALSE,FALSE,0,0.2,0.3,4,0,0,Same -- Positive,2,0.11172413793103449,Opposite,0/0/0/0/0/0/0/0,0.111724137931034/-0.111724137931034/0/0/0/0/0/0,1000/1000/1000/1000/1000,8/7/6/5/8,0.31795815,0
0.8375,0.735,0.8245,0.3275,0.2835,0.323,0.28,0.0155,0.301,0.9285,0.883,0.2425,0.238,NA,0.05,2000,5,5000,1000,8,8,0,FALSE,FALSE,FALSE,0,0.2,0.3,4,0,0,Same -- Positive,5,0.11172413793103449,Opposite,0/0/0/0/0/0/0/0,0.111724137931034/-0.111724137931034/0.111724137931034/0.111724137931034/-0.111724137931034/0/0/0,1000/1000/1000/1000/1000,8/7/6/5/8,0.3182301125,0
0.969,0.9095,0.9605,0.5225,0.4385,0.514,0.4255,0.0385,0.4595,0.969,0.969,0.3615,0.3525,NA,0.05,2000,5,5000,1000,8,8,0,FALSE,FALSE,FALSE,0,0.2,0.3,4,0,0,Same -- Positive,8,0.11172413793103449,Opposite,0/0/0/0/0/0/0/0,0.111724137931034/-0.111724137931034/0.111724137931034/0.111724137931034/-0.111724137931034/0.111724137931034/0.111724137931034/-0.111724137931034,1000/1000/1000/1000/1000,8/7/6/5/8,0.318095875,0
0.6445,0.6215,0.6545,0.1825,0.175,0.1775,0.1705,0.0045,0.1875,0.887,0.833,0.154,0.1495,NA,0.05,2000,5,5000,1000,8,8,0,FALSE,FALSE,FALSE,0,0.2,0.3,4,0,0,Same -- Positive,2,0.13206896551724137,Opposite,0/0/0/0/0/0/0/0,0.132068965517241/-0.132068965517241/0/0/0/0/0/0,1000/1000/1000/1000/1000,8/7/6/5/8,0.318054575,0
0.06,0.058,0.0625,0.0895,0.062,0.087,0.0615,0.001,0.0655,0.243,0.054,0.032,0.03,NA,0.05,2000,5,5000,1000,8,8,0,FALSE,FALSE,FALSE,0,0.2,0.3,4,0,0,Same -- Positive,5,0.01,Same -- Positive,0/0/0/0/0/0/0/0,0.01/0.01/0.01/0.01/0.01/0/0/0,1000/1000/1000/1000/1000,8/7/6/5/8,0.317890825,0
0.6915,0.5525,0.6695,0.7075,0.6605,0.7015,0.6525,0.109,0.6695,0.892,0.7385,0.567,0.558,NA,0.05,2000,5,5000,1000,8,8,0,FALSE,FALSE,FALSE,0,0.2,0.3,4,0,0,Same -- Positive,5,0.13206896551724137,Same -- Positive,0/0/0/0/0/0/0/0,0.132068965517241/0.132068965517241/0.132068965517241/0.132068965517241/0.132068965517241/0/0/0,1000/1000/1000/1000/1000,8/7/6/5/8,0.3180886375,0
0.9445,0.884,0.9385,0.4415,0.3895,0.434,0.384,0.033,0.4065,0.983,0.9695,0.3375,0.3305,NA,0.05,2000,5,5000,1000,8,8,0,FALSE,FALSE,FALSE,0,0.2,0.3,4,0,0,Same -- Positive,5,0.13206896551724137,Opposite,0/0/0/0/0/0/0/0,0.132068965517241/-0.132068965517241/0.132068965517241/0.132068965517241/-0.132068965517241/0/0/0,1000/1000/1000/1000/1000,8/7/6/5/8,0.31839725,0
0.9915,0.9765,0.9885,0.6725,0.5725,0.665,0.5655,0.075,0.591,0.9915,0.9915,0.47,0.46,NA,0.05,2000,5,5000,1000,8,8,0,FALSE,FALSE,FALSE,0,0.2,0.3,4,0,0,Same -- Positive,8,0.13206896551724137,Opposite,0/0/0/0/0/0/0/0,0.132068965517241/-0.132068965517241/0.132068965517241/0.132068965517241/-0.132068965517241/0.132068965517241/0.132068965517241/-0.132068965517241,1000/1000/1000/1000/1000,8/7/6/5/8,0.3180462625,0
0.7765,0.7665,0.795,0.2365,0.2305,0.228,0.222,0.0085,0.245,0.9485,0.921,0.207,0.202,NA,0.05,2000,5,5000,1000,8,8,0,FALSE,FALSE,FALSE,0,0.2,0.3,4,0,0,Same -- Positive,2,0.15241379310344827,Opposite,0/0/0/0/0/0/0/0,0.152413793103448/-0.152413793103448/0/0/0/0/0/0,1000/1000/1000/1000/1000,8/7/6/5/8,0.3181593,0
0.9835,0.9595,0.9825,0.6,0.541,0.588,0.532,0.061,0.5655,0.995,0.9915,0.4695,0.4605,NA,0.05,2000,5,5000,1000,8,8,0,FALSE,FALSE,FALSE,0,0.2,0.3,4,0,0,Same -- Positive,5,0.15241379310344827,Opposite,0/0/0/0/0/0/0/0,0.152413793103448/-0.152413793103448/0.152413793103448/0.152413793103448/-0.152413793103448/0/0/0,1000/1000/1000/1000/1000,8/7/6/5/8,0.318048625,0
0.9995,0.9975,0.9995,0.828,0.7385,0.8205,0.7255,0.14,0.745,0.9995,0.9995,0.6225,0.6115,NA,0.05,2000,5,5000,1000,8,8,0,FALSE,FALSE,FALSE,0,0.2,0.3,4,0,0,Same -- Positive,8,0.15241379310344827,Opposite,0/0/0/0/0/0/0/0,0.152413793103448/-0.152413793103448/0.152413793103448/0.152413793103448/-0.152413793103448/0.152413793103448/0.152413793103448/-0.152413793103448,1000/1000/1000/1000/1000,8/7/6/5/8,0.3181404375,0
0.883,0.874,0.8985,0.2965,0.2975,0.2875,0.2895,0.0175,0.3225,0.9755,0.967,0.2905,0.284,NA,0.05,2000,5,5000,1000,8,8,0,FALSE,FALSE,FALSE,0,0.2,0.3,4,0,0,Same -- Positive,2,0.17275862068965517,Opposite,0/0/0/0/0/0/0/0,0.172758620689655/-0.172758620689655/0/0/0/0/0/0,1000/1000/1000/1000/1000,8/7/6/5/8,0.3181054375,0
0.996,0.9845,0.9945,0.7005,0.6315,0.6895,0.6205,0.1085,0.66,1,0.9985,0.5465,0.537,NA,0.05,2000,5,5000,1000,8,8,0,FALSE,FALSE,FALSE,0,0.2,0.3,4,0,0,Same -- Positive,5,0.17275862068965517,Opposite,0/0/0/0/0/0/0/0,0.172758620689655/-0.172758620689655/0.172758620689655/0.172758620689655/-0.172758620689655/0/0/0,1000/1000/1000/1000/1000,8/7/6/5/8,0.3182962,0
0.9995,0.999,0.9995,0.9335,0.8635,0.93,0.863,0.253,0.87,0.9995,0.9995,0.749,0.739,NA,0.05,2000,5,5000,1000,8,8,0,FALSE,FALSE,FALSE,0,0.2,0.3,4,0,0,Same -- Positive,8,0.17275862068965517,Opposite,0/0/0/0/0/0/0/0,0.172758620689655/-0.172758620689655/0.172758620689655/0.172758620689655/-0.172758620689655/0.172758620689655/0.172758620689655/-0.172758620689655,1000/1000/1000/1000/1000,8/7/6/5/8,0.31843785,0
0.937,0.9295,0.9445,0.4055,0.4115,0.3975,0.4025,0.0375,0.442,0.989,0.986,0.4015,0.39,NA,0.05,2000,5,5000,1000,8,8,0,FALSE,FALSE,FALSE,0,0.2,0.3,4,0,0,Same -- Positive,2,0.19310344827586207,Opposite,0/0/0/0/0/0/0/0,0.193103448275862/-0.193103448275862/0/0/0/0/0/0,1000/1000/1000/1000/1000,8/7/6/5/8,0.3181453,0
0.9995,0.995,0.9995,0.8475,0.772,0.8395,0.761,0.209,0.795,0.9995,0.9995,0.6895,0.682,NA,0.05,2000,5,5000,1000,8,8,0,FALSE,FALSE,FALSE,0,0.2,0.3,4,0,0,Same -- Positive,5,0.19310344827586207,Opposite,0/0/0/0/0/0/0/0,0.193103448275862/-0.193103448275862/0.193103448275862/0.193103448275862/-0.193103448275862/0/0/0,1000/1000/1000/1000/1000,8/7/6/5/8,0.3182077875,0
0.639,0.4745,0.6125,0.928,0.891,0.926,0.885,0.3385,0.888,0.639,0.639,0.8175,0.811,NA,0.05,2000,5,5000,1000,8,8,0,FALSE,FALSE,FALSE,0,0.2,0.3,4,0,0,Same -- Positive,8,0.13206896551724137,Same -- Positive,0/0/0/0/0/0/0/0,0.132068965517241/0.132068965517241/0.132068965517241/0.132068965517241/0.132068965517241/0.132068965517241/0.132068965517241/0.132068965517241,1000/1000/1000/1000/1000,8/7/6/5/8,0.3182743375,0
1,1,1,0.9805,0.946,0.9785,0.943,0.429,0.9475,1,1,0.847,0.8385,NA,0.05,2000,5,5000,1000,8,8,0,FALSE,FALSE,FALSE,0,0.2,0.3,4,0,0,Same -- Positive,8,0.19310344827586207,Opposite,0/0/0/0/0/0/0/0,0.193103448275862/-0.193103448275862/0.193103448275862/0.193103448275862/-0.193103448275862/0.193103448275862/0.193103448275862/-0.193103448275862,1000/1000/1000/1000/1000,8/7/6/5/8,0.31844018749999997,0
0.9715,0.9645,0.97,0.503,0.5055,0.489,0.4905,0.07,0.551,0.9955,0.9965,0.494,0.4875,NA,0.05,2000,5,5000,1000,8,8,0,FALSE,FALSE,FALSE,0,0.2,0.3,4,0,0,Same -- Positive,2,0.21344827586206896,Opposite,0/0/0/0/0/0/0/0,0.213448275862069/-0.213448275862069/0/0/0/0/0/0,1000/1000/1000/1000/1000,8/7/6/5/8,0.318069225,0
1,1,1,0.9335,0.8885,0.9305,0.881,0.3465,0.9045,1,1,0.8095,0.8,NA,0.05,2000,5,5000,1000,8,8,0,FALSE,FALSE,FALSE,0,0.2,0.3,4,0,0,Same -- Positive,5,0.21344827586206896,Opposite,0/0/0/0/0/0/0/0,0.213448275862069/-0.213448275862069/0.213448275862069/0.213448275862069/-0.213448275862069/0/0/0,1000/1000/1000/1000/1000,8/7/6/5/8,0.3182844875,0
1,1,1,0.9995,0.988,0.9995,0.986,0.659,0.9875,1,1,0.9275,0.923,NA,0.05,2000,5,5000,1000,8,8,0,FALSE,FALSE,FALSE,0,0.2,0.3,4,0,0,Same -- Positive,8,0.21344827586206896,Opposite,0/0/0/0/0/0/0/0,0.213448275862069/-0.213448275862069/0.213448275862069/0.213448275862069/-0.213448275862069/0.213448275862069/0.213448275862069/-0.213448275862069,1000/1000/1000/1000/1000,8/7/6/5/8,0.318426175,0
0.9825,0.9825,0.9845,0.624,0.6215,0.613,0.612,0.152,0.6605,0.9965,0.9965,0.6075,0.599,NA,0.05,2000,5,5000,1000,8,8,0,FALSE,FALSE,FALSE,0,0.2,0.3,4,0,0,Same -- Positive,2,0.23379310344827584,Opposite,0/0/0/0/0/0/0/0,0.233793103448276/-0.233793103448276/0/0/0/0/0/0,1000/1000/1000/1000/1000,8/7/6/5/8,0.318214225,0
1,0.9995,1,0.982,0.9515,0.9805,0.9455,0.5295,0.963,1,1,0.8925,0.888,NA,0.05,2000,5,5000,1000,8,8,0,FALSE,FALSE,FALSE,0,0.2,0.3,4,0,0,Same -- Positive,5,0.23379310344827584,Opposite,0/0/0/0/0/0/0/0,0.233793103448276/-0.233793103448276/0.233793103448276/0.233793103448276/-0.233793103448276/0/0/0,1000/1000/1000/1000/1000,8/7/6/5/8,0.3183441375,0
1,1,1,1,0.997,1,0.9965,0.8445,0.997,1,1,0.9755,0.9745,NA,0.05,2000,5,5000,1000,8,8,0,FALSE,FALSE,FALSE,0,0.2,0.3,4,0,0,Same -- Positive,8,0.23379310344827584,Opposite,0/0/0/0/0/0/0/0,0.233793103448276/-0.233793103448276/0.233793103448276/0.233793103448276/-0.233793103448276/0.233793103448276/0.233793103448276/-0.233793103448276,1000/1000/1000/1000/1000,8/7/6/5/8,0.3184065,0
0.992,0.992,0.9935,0.73,0.7335,0.7235,0.7215,0.2595,0.7735,0.9995,0.9995,0.722,0.7115,NA,0.05,2000,5,5000,1000,8,8,0,FALSE,FALSE,FALSE,0,0.2,0.3,4,0,0,Same -- Positive,2,0.25413793103448273,Opposite,0/0/0/0/0/0/0/0,0.254137931034483/-0.254137931034483/0/0/0/0/0/0,1000/1000/1000/1000/1000,8/7/6/5/8,0.3182694375,0
1,1,1,0.997,0.984,0.997,0.983,0.7365,0.9905,1,1,0.95,0.945,NA,0.05,2000,5,5000,1000,8,8,0,FALSE,FALSE,FALSE,0,0.2,0.3,4,0,0,Same -- Positive,5,0.25413793103448273,Opposite,0/0/0/0/0/0/0/0,0.254137931034483/-0.254137931034483/0.254137931034483/0.254137931034483/-0.254137931034483/0/0/0,1000/1000/1000/1000/1000,8/7/6/5/8,0.3184729125,0
1,1,1,1,0.9995,1,0.9995,0.941,0.9995,1,1,0.993,0.9925,NA,0.05,2000,5,5000,1000,8,8,0,FALSE,FALSE,FALSE,0,0.2,0.3,4,0,0,Same -- Positive,8,0.25413793103448273,Opposite,0/0/0/0/0/0/0/0,0.254137931034483/-0.254137931034483/0.254137931034483/0.254137931034483/-0.254137931034483/0.254137931034483/0.254137931034483/-0.254137931034483,1000/1000/1000/1000/1000,8/7/6/5/8,0.31858045,0
0.614,0.5805,0.6235,0.3465,0.3295,0.3385,0.321,0.0255,0.3485,0.8265,0.8075,0.2945,0.287,NA,0.05,2000,5,5000,1000,8,8,0,FALSE,FALSE,FALSE,0,0.2,0.3,4,0,0,Same -- Positive,2,0.15241379310344827,Same -- Positive,0/0/0/0/0/0/0/0,0.152413793103448/0.152413793103448/0/0/0/0/0/0,1000/1000/1000/1000/1000,8/7/6/5/8,0.3182546125,0
0.996,0.9955,0.997,0.825,0.8125,0.8155,0.8025,0.389,0.8485,0.9995,0.9995,0.8015,0.793,NA,0.05,2000,5,5000,1000,8,8,0,FALSE,FALSE,FALSE,0,0.2,0.3,4,0,0,Same -- Positive,2,0.27448275862068966,Opposite,0/0/0/0/0/0/0/0,0.27448275862069/-0.27448275862069/0/0/0/0/0/0,1000/1000/1000/1000/1000,8/7/6/5/8,0.3182160875,0
1,1,1,0.9995,0.995,0.9995,0.9945,0.8725,0.9985,1,1,0.985,0.982,NA,0.05,2000,5,5000,1000,8,8,0,FALSE,FALSE,FALSE,0,0.2,0.3,4,0,0,Same -- Positive,5,0.27448275862068966,Opposite,0/0/0/0/0/0/0/0,0.27448275862069/-0.27448275862069/0.27448275862069/0.27448275862069/-0.27448275862069/0/0/0,1000/1000/1000/1000/1000,8/7/6/5/8,0.3184293125,0
1,1,1,1,1,1,1,0.9865,1,1,1,0.9985,0.9985,NA,0.05,2000,5,5000,1000,8,8,0,FALSE,FALSE,FALSE,0,0.2,0.3,4,0,0,Same -- Positive,8,0.27448275862068966,Opposite,0/0/0/0/0/0/0/0,0.27448275862069/-0.27448275862069/0.27448275862069/0.27448275862069/-0.27448275862069/0.27448275862069/0.27448275862069/-0.27448275862069,1000/1000/1000/1000/1000,8/7/6/5/8,0.3187178625,0
0.9995,0.999,0.9995,0.9015,0.8945,0.894,0.891,0.574,0.9215,1,1,0.883,0.879,NA,0.05,2000,5,5000,1000,8,8,0,FALSE,FALSE,FALSE,0,0.2,0.3,4,0,0,Same -- Positive,2,0.29482758620689653,Opposite,0/0/0/0/0/0/0/0,0.294827586206897/-0.294827586206897/0/0/0/0/0/0,1000/1000/1000/1000/1000,8/7/6/5/8,0.318213625,0
1,1,1,1,0.999,1,0.9985,0.9525,0.9995,1,1,0.9915,0.991,NA,0.05,2000,5,5000,1000,8,8,0,FALSE,FALSE,FALSE,0,0.2,0.3,4,0,0,Same -- Positive,5,0.29482758620689653,Opposite,0/0/0/0/0/0/0/0,0.294827586206897/-0.294827586206897/0.294827586206897/0.294827586206897/-0.294827586206897/0/0/0,1000/1000/1000/1000/1000,8/7/6/5/8,0.3185999375,0
1,1,1,1,1,1,1,0.997,1,1,1,0.9995,0.9995,NA,0.05,2000,5,5000,1000,8,8,0,FALSE,FALSE,FALSE,0,0.2,0.3,4,0,0,Same -- Positive,8,0.29482758620689653,Opposite,0/0/0/0/0/0/0/0,0.294827586206897/-0.294827586206897/0.294827586206897/0.294827586206897/-0.294827586206897/0.294827586206897/0.294827586206897/-0.294827586206897,1000/1000/1000/1000/1000,8/7/6/5/8,0.318938625,0
0.998,0.9975,0.998,0.945,0.938,0.9415,0.935,0.6955,0.9535,1,1,0.9275,0.925,NA,0.05,2000,5,5000,1000,8,8,0,FALSE,FALSE,FALSE,0,0.2,0.3,4,0,0,Same -- Positive,2,0.31517241379310346,Opposite,0/0/0/0/0/0/0/0,0.315172413793103/-0.315172413793103/0/0/0/0/0/0,1000/1000/1000/1000/1000,8/7/6/5/8,0.3183231,0
1,1,1,1,0.999,1,0.9995,0.99,1,1,1,1,1,NA,0.05,2000,5,5000,1000,8,8,0,FALSE,FALSE,FALSE,0,0.2,0.3,4,0,0,Same -- Positive,5,0.31517241379310346,Opposite,0/0/0/0/0/0/0/0,0.315172413793103/-0.315172413793103/0.315172413793103/0.315172413793103/-0.315172413793103/0/0/0,1000/1000/1000/1000/1000,8/7/6/5/8,0.3185856875,0
1,1,1,1,1,1,1,1,1,1,1,1,1,NA,0.05,2000,5,5000,1000,8,8,0,FALSE,FALSE,FALSE,0,0.2,0.3,4,0,0,Same -- Positive,8,0.31517241379310346,Opposite,0/0/0/0/0/0/0/0,0.315172413793103/-0.315172413793103/0.315172413793103/0.315172413793103/-0.315172413793103/0.315172413793103/0.315172413793103/-0.315172413793103,1000/1000/1000/1000/1000,8/7/6/5/8,0.3189586375,0
1,1,1,0.9735,0.9715,0.973,0.968,0.8325,0.9775,1,1,0.9685,0.967,NA,0.05,2000,5,5000,1000,8,8,0,FALSE,FALSE,FALSE,0,0.2,0.3,4,0,0,Same -- Positive,2,0.3355172413793103,Opposite,0/0/0/0/0/0/0/0,0.33551724137931/-0.33551724137931/0/0/0/0/0/0,1000/1000/1000/1000/1000,8/7/6/5/8,0.3184025875,0
0.825,0.7065,0.801,0.8185,0.775,0.814,0.7715,0.19,0.782,0.945,0.86,0.699,0.6895,NA,0.05,2000,5,5000,1000,8,8,0,FALSE,FALSE,FALSE,0,0.2,0.3,4,0,0,Same -- Positive,5,0.15241379310344827,Same -- Positive,0/0/0/0/0/0/0/0,0.152413793103448/0.152413793103448/0.152413793103448/0.152413793103448/0.152413793103448/0/0/0,1000/1000/1000/1000/1000,8/7/6/5/8,0.318139825,0
1,1,1,1,0.9995,1,1,0.9995,1,1,1,0.9995,0.9995,NA,0.05,2000,5,5000,1000,8,8,0,FALSE,FALSE,FALSE,0,0.2,0.3,4,0,0,Same -- Positive,5,0.3355172413793103,Opposite,0/0/0/0/0/0/0/0,0.33551724137931/-0.33551724137931/0.33551724137931/0.33551724137931/-0.33551724137931/0/0/0,1000/1000/1000/1000/1000,8/7/6/5/8,0.318608425,0
1,1,1,1,1,1,1,1,1,1,1,1,1,NA,0.05,2000,5,5000,1000,8,8,0,FALSE,FALSE,FALSE,0,0.2,0.3,4,0,0,Same -- Positive,8,0.3355172413793103,Opposite,0/0/0/0/0/0/0/0,0.33551724137931/-0.33551724137931/0.33551724137931/0.33551724137931/-0.33551724137931/0.33551724137931/0.33551724137931/-0.33551724137931,1000/1000/1000/1000/1000,8/7/6/5/8,0.3190958125,0
1,1,1,0.9905,0.989,0.988,0.987,0.9155,0.993,1,1,0.985,0.985,NA,0.05,2000,5,5000,1000,8,8,0,FALSE,FALSE,FALSE,0,0.2,0.3,4,0,0,Same -- Positive,2,0.3558620689655172,Opposite,0/0/0/0/0/0/0/0,0.355862068965517/-0.355862068965517/0/0/0/0/0/0,1000/1000/1000/1000/1000,8/7/6/5/8,0.318404375,0
1,1,1,1,1,1,1,0.9995,1,1,1,1,1,NA,0.05,2000,5,5000,1000,8,8,0,FALSE,FALSE,FALSE,0,0.2,0.3,4,0,0,Same -- Positive,5,0.3558620689655172,Opposite,0/0/0/0/0/0/0/0,0.355862068965517/-0.355862068965517/0.355862068965517/0.355862068965517/-0.355862068965517/0/0/0,1000/1000/1000/1000/1000,8/7/6/5/8,0.3187593875,0
1,1,1,1,1,1,1,1,1,1,1,1,1,NA,0.05,2000,5,5000,1000,8,8,0,FALSE,FALSE,FALSE,0,0.2,0.3,4,0,0,Same -- Positive,8,0.3558620689655172,Opposite,0/0/0/0/0/0/0/0,0.355862068965517/-0.355862068965517/0.355862068965517/0.355862068965517/-0.355862068965517/0.355862068965517/0.355862068965517/-0.355862068965517,1000/1000/1000/1000/1000,8/7/6/5/8,0.31939305,0
1,1,1,0.9955,0.9925,0.996,0.995,0.948,0.9965,1,1,0.994,0.9925,NA,0.05,2000,5,5000,1000,8,8,0,FALSE,FALSE,FALSE,0,0.2,0.3,4,0,0,Same -- Positive,2,0.3762068965517241,Opposite,0/0/0/0/0/0/0/0,0.376206896551724/-0.376206896551724/0/0/0/0/0/0,1000/1000/1000/1000/1000,8/7/6/5/8,0.3182986375,0
1,1,1,1,1,1,1,1,1,1,1,1,1,NA,0.05,2000,5,5000,1000,8,8,0,FALSE,FALSE,FALSE,0,0.2,0.3,4,0,0,Same -- Positive,5,0.3762068965517241,Opposite,0/0/0/0/0/0/0/0,0.376206896551724/-0.376206896551724/0.376206896551724/0.376206896551724/-0.376206896551724/0/0/0,1000/1000/1000/1000/1000,8/7/6/5/8,0.318881375,0
1,1,1,1,1,1,1,1,1,1,1,1,1,NA,0.05,2000,5,5000,1000,8,8,0,FALSE,FALSE,FALSE,0,0.2,0.3,4,0,0,Same -- Positive,8,0.3762068965517241,Opposite,0/0/0/0/0/0/0/0,0.376206896551724/-0.376206896551724/0.376206896551724/0.376206896551724/-0.376206896551724/0.376206896551724/0.376206896551724/-0.376206896551724,1000/1000/1000/1000/1000,8/7/6/5/8,0.3193818875,0
1,1,1,0.998,0.997,0.9985,0.998,0.976,0.9985,1,1,0.998,0.997,NA,0.05,2000,5,5000,1000,8,8,0,FALSE,FALSE,FALSE,0,0.2,0.3,4,0,0,Same -- Positive,2,0.396551724137931,Opposite,0/0/0/0/0/0/0/0,0.396551724137931/-0.396551724137931/0/0/0/0/0/0,1000/1000/1000/1000/1000,8/7/6/5/8,0.31846305,0
1,1,1,1,1,1,1,1,1,1,1,1,1,NA,0.05,2000,5,5000,1000,8,8,0,FALSE,FALSE,FALSE,0,0.2,0.3,4,0,0,Same -- Positive,5,0.396551724137931,Opposite,0/0/0/0/0/0/0/0,0.396551724137931/-0.396551724137931/0.396551724137931/0.396551724137931/-0.396551724137931/0/0/0,1000/1000/1000/1000/1000,8/7/6/5/8,0.318979025,0
0.791,0.633,0.776,0.978,0.9685,0.977,0.9665,0.541,0.9685,0.791,0.791,0.936,0.934,NA,0.05,2000,5,5000,1000,8,8,0,FALSE,FALSE,FALSE,0,0.2,0.3,4,0,0,Same -- Positive,8,0.15241379310344827,Same -- Positive,0/0/0/0/0/0/0/0,0.152413793103448/0.152413793103448/0.152413793103448/0.152413793103448/0.152413793103448/0.152413793103448/0.152413793103448/0.152413793103448,1000/1000/1000/1000/1000,8/7/6/5/8,0.318240875,0
1,1,1,1,1,1,1,1,1,1,1,1,1,NA,0.05,2000,5,5000,1000,8,8,0,FALSE,FALSE,FALSE,0,0.2,0.3,4,0,0,Same -- Positive,8,0.396551724137931,Opposite,0/0/0/0/0/0/0/0,0.396551724137931/-0.396551724137931/0.396551724137931/0.396551724137931/-0.396551724137931/0.396551724137931/0.396551724137931/-0.396551724137931,1000/1000/1000/1000/1000,8/7/6/5/8,0.3196516875,0
1,1,1,0.998,0.998,0.998,0.9975,0.992,0.999,1,1,0.9975,0.9975,NA,0.05,2000,5,5000,1000,8,8,0,FALSE,FALSE,FALSE,0,0.2,0.3,4,0,0,Same -- Positive,2,0.4168965517241379,Opposite,0/0/0/0/0/0/0/0,0.416896551724138/-0.416896551724138/0/0/0/0/0/0,1000/1000/1000/1000/1000,8/7/6/5/8,0.318431025,0
1,1,1,1,1,1,1,1,1,1,1,1,1,NA,0.05,2000,5,5000,1000,8,8,0,FALSE,FALSE,FALSE,0,0.2,0.3,4,0,0,Same -- Positive,5,0.4168965517241379,Opposite,0/0/0/0/0/0/0/0,0.416896551724138/-0.416896551724138/0.416896551724138/0.416896551724138/-0.416896551724138/0/0/0,1000/1000/1000/1000/1000,8/7/6/5/8,0.3190397375,0
1,1,1,1,1,1,1,1,1,1,1,1,1,NA,0.05,2000,5,5000,1000,8,8,0,FALSE,FALSE,FALSE,0,0.2,0.3,4,0,0,Same -- Positive,8,0.4168965517241379,Opposite,0/0/0/0/0/0/0/0,0.416896551724138/-0.416896551724138/0.416896551724138/0.416896551724138/-0.416896551724138/0.416896551724138/0.416896551724138/-0.416896551724138,1000/1000/1000/1000/1000,8/7/6/5/8,0.31966425,0
1,1,1,0.999,0.999,0.9995,0.9995,0.997,1,1,1,0.999,0.999,NA,0.05,2000,5,5000,1000,8,8,0,FALSE,FALSE,FALSE,0,0.2,0.3,4,0,0,Same -- Positive,2,0.4372413793103448,Opposite,0/0/0/0/0/0/0/0,0.437241379310345/-0.437241379310345/0/0/0/0/0/0,1000/1000/1000/1000/1000,8/7/6/5/8,0.3185453875,0
1,1,1,1,0.9995,1,1,1,1,1,1,1,1,NA,0.05,2000,5,5000,1000,8,8,0,FALSE,FALSE,FALSE,0,0.2,0.3,4,0,0,Same -- Positive,5,0.4372413793103448,Opposite,0/0/0/0/0/0/0/0,0.437241379310345/-0.437241379310345/0.437241379310345/0.437241379310345/-0.437241379310345/0/0/0,1000/1000/1000/1000/1000,8/7/6/5/8,0.3190113125,0
1,1,1,1,1,1,1,1,1,1,1,1,1,NA,0.05,2000,5,5000,1000,8,8,0,FALSE,FALSE,FALSE,0,0.2,0.3,4,0,0,Same -- Positive,8,0.4372413793103448,Opposite,0/0/0/0/0/0/0/0,0.437241379310345/-0.437241379310345/0.437241379310345/0.437241379310345/-0.437241379310345/0.437241379310345/0.437241379310345/-0.437241379310345,1000/1000/1000/1000/1000,8/7/6/5/8,0.31977575,0
1,1,1,1,0.9995,1,1,1,1,1,1,1,1,NA,0.05,2000,5,5000,1000,8,8,0,FALSE,FALSE,FALSE,0,0.2,0.3,4,0,0,Same -- Positive,2,0.4575862068965517,Opposite,0/0/0/0/0/0/0/0,0.457586206896552/-0.457586206896552/0/0/0/0/0/0,1000/1000/1000/1000/1000,8/7/6/5/8,0.31842125,0
1,1,1,1,1,1,1,1,1,1,1,1,1,NA,0.05,2000,5,5000,1000,8,8,0,FALSE,FALSE,FALSE,0,0.2,0.3,4,0,0,Same -- Positive,5,0.4575862068965517,Opposite,0/0/0/0/0/0/0/0,0.457586206896552/-0.457586206896552/0.457586206896552/0.457586206896552/-0.457586206896552/0/0/0,1000/1000/1000/1000/1000,8/7/6/5/8,0.3191579625,0
1,1,1,1,1,1,1,1,1,1,1,1,1,NA,0.05,2000,5,5000,1000,8,8,0,FALSE,FALSE,FALSE,0,0.2,0.3,4,0,0,Same -- Positive,8,0.4575862068965517,Opposite,0/0/0/0/0/0/0/0,0.457586206896552/-0.457586206896552/0.457586206896552/0.457586206896552/-0.457586206896552/0.457586206896552/0.457586206896552/-0.457586206896552,1000/1000/1000/1000/1000,8/7/6/5/8,0.3199183625,0
0.722,0.6965,0.7325,0.414,0.4045,0.4085,0.394,0.042,0.421,0.894,0.893,0.367,0.362,NA,0.05,2000,5,5000,1000,8,8,0,FALSE,FALSE,FALSE,0,0.2,0.3,4,0,0,Same -- Positive,2,0.17275862068965517,Same -- Positive,0/0/0/0/0/0/0/0,0.172758620689655/0.172758620689655/0/0/0/0/0/0,1000/1000/1000/1000/1000,8/7/6/5/8,0.3182222375,0
1,1,1,1,0.9995,1,0.9995,0.999,1,1,1,1,1,NA,0.05,2000,5,5000,1000,8,8,0,FALSE,FALSE,FALSE,0,0.2,0.3,4,0,0,Same -- Positive,2,0.4779310344827586,Opposite,0/0/0/0/0/0/0/0,0.477931034482759/-0.477931034482759/0/0/0/0/0/0,1000/1000/1000/1000/1000,8/7/6/5/8,0.3184451875,0
1,1,1,1,1,1,1,1,1,1,1,1,1,NA,0.05,2000,5,5000,1000,8,8,0,FALSE,FALSE,FALSE,0,0.2,0.3,4,0,0,Same -- Positive,5,0.4779310344827586,Opposite,0/0/0/0/0/0/0/0,0.477931034482759/-0.477931034482759/0.477931034482759/0.477931034482759/-0.477931034482759/0/0/0,1000/1000/1000/1000/1000,8/7/6/5/8,0.3192225625,0
1,1,1,1,1,1,1,1,1,1,1,1,1,NA,0.05,2000,5,5000,1000,8,8,0,FALSE,FALSE,FALSE,0,0.2,0.3,4,0,0,Same -- Positive,8,0.4779310344827586,Opposite,0/0/0/0/0/0/0/0,0.477931034482759/-0.477931034482759/0.477931034482759/0.477931034482759/-0.477931034482759/0.477931034482759/0.477931034482759/-0.477931034482759,1000/1000/1000/1000/1000,8/7/6/5/8,0.3200574,0
1,1,1,1,0.9995,1,0.999,1,1,1,1,1,1,NA,0.05,2000,5,5000,1000,8,8,0,FALSE,FALSE,FALSE,0,0.2,0.3,4,0,0,Same -- Positive,2,0.49827586206896546,Opposite,0/0/0/0/0/0/0/0,0.498275862068965/-0.498275862068965/0/0/0/0/0/0,1000/1000/1000/1000/1000,8/7/6/5/8,0.3187499,0
1,1,1,1,1,1,1,1,1,1,1,1,1,NA,0.05,2000,5,5000,1000,8,8,0,FALSE,FALSE,FALSE,0,0.2,0.3,4,0,0,Same -- Positive,5,0.49827586206896546,Opposite,0/0/0/0/0/0/0/0,0.498275862068965/-0.498275862068965/0.498275862068965/0.498275862068965/-0.498275862068965/0/0/0,1000/1000/1000/1000/1000,8/7/6/5/8,0.3195118125,0
1,1,1,1,1,1,1,1,1,1,1,1,1,NA,0.05,2000,5,5000,1000,8,8,0,FALSE,FALSE,FALSE,0,0.2,0.3,4,0,0,Same -- Positive,8,0.49827586206896546,Opposite,0/0/0/0/0/0/0/0,0.498275862068965/-0.498275862068965/0.498275862068965/0.498275862068965/-0.498275862068965/0.498275862068965/0.498275862068965/-0.498275862068965,1000/1000/1000/1000/1000,8/7/6/5/8,0.32017395,0
1,1,1,1,1,1,1,1,1,1,1,1,1,NA,0.05,2000,5,5000,1000,8,8,0,FALSE,FALSE,FALSE,0,0.2,0.3,4,0,0,Same -- Positive,2,0.5186206896551724,Opposite,0/0/0/0/0/0/0/0,0.518620689655172/-0.518620689655172/0/0/0/0/0/0,1000/1000/1000/1000/1000,8/7/6/5/8,0.3187620375,0
1,1,1,1,1,1,1,1,1,1,1,1,1,NA,0.05,2000,5,5000,1000,8,8,0,FALSE,FALSE,FALSE,0,0.2,0.3,4,0,0,Same -- Positive,5,0.5186206896551724,Opposite,0/0/0/0/0/0/0/0,0.518620689655172/-0.518620689655172/0.518620689655172/0.518620689655172/-0.518620689655172/0/0/0,1000/1000/1000/1000/1000,8/7/6/5/8,0.3196294125,0
1,1,1,1,1,1,1,1,1,1,1,1,1,NA,0.05,2000,5,5000,1000,8,8,0,FALSE,FALSE,FALSE,0,0.2,0.3,4,0,0,Same -- Positive,8,0.5186206896551724,Opposite,0/0/0/0/0/0/0/0,0.518620689655172/-0.518620689655172/0.518620689655172/0.518620689655172/-0.518620689655172/0.518620689655172/0.518620689655172/-0.518620689655172,1000/1000/1000/1000/1000,8/7/6/5/8,0.3205423125,0
1,1,1,1,1,1,1,1,1,1,1,1,1,NA,0.05,2000,5,5000,1000,8,8,0,FALSE,FALSE,FALSE,0,0.2,0.3,4,0,0,Same -- Positive,2,0.5389655172413793,Opposite,0/0/0/0/0/0/0/0,0.538965517241379/-0.538965517241379/0/0/0/0/0/0,1000/1000/1000/1000/1000,8/7/6/5/8,0.31871375,0
0.9175,0.8265,0.9075,0.909,0.869,0.9055,0.8655,0.325,0.877,0.9735,0.942,0.815,0.81,NA,0.05,2000,5,5000,1000,8,8,0,FALSE,FALSE,FALSE,0,0.2,0.3,4,0,0,Same -- Positive,5,0.17275862068965517,Same -- Positive,0/0/0/0/0/0/0/0,0.172758620689655/0.172758620689655/0.172758620689655/0.172758620689655/0.172758620689655/0/0/0,1000/1000/1000/1000/1000,8/7/6/5/8,0.318171575,0
1,1,1,1,1,1,1,1,1,1,1,1,1,NA,0.05,2000,5,5000,1000,8,8,0,FALSE,FALSE,FALSE,0,0.2,0.3,4,0,0,Same -- Positive,5,0.5389655172413793,Opposite,0/0/0/0/0/0/0/0,0.538965517241379/-0.538965517241379/0.538965517241379/0.538965517241379/-0.538965517241379/0/0/0,1000/1000/1000/1000/1000,8/7/6/5/8,0.3196215625,0
1,1,1,1,1,1,1,1,1,1,1,1,1,NA,0.05,2000,5,5000,1000,8,8,0,FALSE,FALSE,FALSE,0,0.2,0.3,4,0,0,Same -- Positive,8,0.5389655172413793,Opposite,0/0/0/0/0/0/0/0,0.538965517241379/-0.538965517241379/0.538965517241379/0.538965517241379/-0.538965517241379/0.538965517241379/0.538965517241379/-0.538965517241379,1000/1000/1000/1000/1000,8/7/6/5/8,0.320612375,0
1,1,1,1,1,1,1,1,1,1,1,1,1,NA,0.05,2000,5,5000,1000,8,8,0,FALSE,FALSE,FALSE,0,0.2,0.3,4,0,0,Same -- Positive,2,0.5593103448275861,Opposite,0/0/0/0/0/0/0/0,0.559310344827586/-0.559310344827586/0/0/0/0/0/0,1000/1000/1000/1000/1000,8/7/6/5/8,0.318862175,0
1,1,1,1,1,1,1,1,1,1,1,1,1,NA,0.05,2000,5,5000,1000,8,8,0,FALSE,FALSE,FALSE,0,0.2,0.3,4,0,0,Same -- Positive,5,0.5593103448275861,Opposite,0/0/0/0/0/0/0/0,0.559310344827586/-0.559310344827586/0.559310344827586/0.559310344827586/-0.559310344827586/0/0/0,1000/1000/1000/1000/1000,8/7/6/5/8,0.3196412625,0
1,1,1,1,1,1,1,1,1,1,1,1,1,NA,0.05,2000,5,5000,1000,8,8,0,FALSE,FALSE,FALSE,0,0.2,0.3,4,0,0,Same -- Positive,8,0.5593103448275861,Opposite,0/0/0/0/0/0/0/0,0.559310344827586/-0.559310344827586/0.559310344827586/0.559310344827586/-0.559310344827586/0.559310344827586/0.559310344827586/-0.559310344827586,1000/1000/1000/1000/1000,8/7/6/5/8,0.3209709875,0
1,1,1,1,1,1,1,1,1,1,1,1,1,NA,0.05,2000,5,5000,1000,8,8,0,FALSE,FALSE,FALSE,0,0.2,0.3,4,0,0,Same -- Positive,2,0.579655172413793,Opposite,0/0/0/0/0/0/0/0,0.579655172413793/-0.579655172413793/0/0/0/0/0/0,1000/1000/1000/1000/1000,8/7/6/5/8,0.3186959375,0
1,1,1,1,1,1,1,1,1,1,1,1,1,NA,0.05,2000,5,5000,1000,8,8,0,FALSE,FALSE,FALSE,0,0.2,0.3,4,0,0,Same -- Positive,5,0.579655172413793,Opposite,0/0/0/0/0/0/0/0,0.579655172413793/-0.579655172413793/0.579655172413793/0.579655172413793/-0.579655172413793/0/0/0,1000/1000/1000/1000/1000,8/7/6/5/8,0.3200986125,0
1,1,1,1,1,1,1,1,1,1,1,1,1,NA,0.05,2000,5,5000,1000,8,8,0,FALSE,FALSE,FALSE,0,0.2,0.3,4,0,0,Same -- Positive,8,0.579655172413793,Opposite,0/0/0/0/0/0/0/0,0.579655172413793/-0.579655172413793/0.579655172413793/0.579655172413793/-0.579655172413793/0.579655172413793/0.579655172413793/-0.579655172413793,1000/1000/1000/1000/1000,8/7/6/5/8,0.3211128875,0
1,1,1,1,1,1,1,1,1,1,1,1,1,NA,0.05,2000,5,5000,1000,8,8,0,FALSE,FALSE,FALSE,0,0.2,0.3,4,0,0,Same -- Positive,2,0.6,Opposite,0/0/0/0/0/0/0/0,0.6/-0.6/0/0/0/0/0/0,1000/1000/1000/1000/1000,8/7/6/5/8,0.3188742125,0
1,1,1,1,1,1,1,1,1,1,1,1,1,NA,0.05,2000,5,5000,1000,8,8,0,FALSE,FALSE,FALSE,0,0.2,0.3,4,0,0,Same -- Positive,5,0.6,Opposite,0/0/0/0/0/0/0/0,0.6/-0.6/0.6/0.6/-0.6/0/0/0,1000/1000/1000/1000/1000,8/7/6/5/8,0.320197675,0
0.8855,0.743,0.863,0.993,0.9875,0.993,0.987,0.7105,0.9875,0.8855,0.8855,0.969,0.9675,NA,0.05,2000,5,5000,1000,8,8,0,FALSE,FALSE,FALSE,0,0.2,0.3,4,0,0,Same -- Positive,8,0.17275862068965517,Same -- Positive,0/0/0/0/0/0/0/0,0.172758620689655/0.172758620689655/0.172758620689655/0.172758620689655/0.172758620689655/0.172758620689655/0.172758620689655/0.172758620689655,1000/1000/1000/1000/1000,8/7/6/5/8,0.3183795125,0
1,1,1,1,1,1,1,1,1,1,1,1,1,NA,0.05,2000,5,5000,1000,8,8,0,FALSE,FALSE,FALSE,0,0.2,0.3,4,0,0,Same -- Positive,8,0.6,Opposite,0/0/0/0/0/0/0/0,0.6/-0.6/0.6/0.6/-0.6/0.6/0.6/-0.6,1000/1000/1000/1000/1000,8/7/6/5/8,0.3211601125,0
0.843,0.812,0.8475,0.532,0.5205,0.523,0.512,0.0645,0.543,0.9295,0.9455,0.4975,0.4865,NA,0.05,2000,5,5000,1000,8,8,0,FALSE,FALSE,FALSE,0,0.2,0.3,4,0,0,Same -- Positive,2,0.19310344827586207,Same -- Positive,0/0/0/0/0/0/0/0,0.193103448275862/0.193103448275862/0/0/0/0/0/0,1000/1000/1000/1000/1000,8/7/6/5/8,0.3180419625,0
0.9665,0.91,0.9605,0.955,0.9255,0.954,0.9215,0.468,0.9305,0.991,0.976,0.8905,0.8875,NA,0.05,2000,5,5000,1000,8,8,0,FALSE,FALSE,FALSE,0,0.2,0.3,4,0,0,Same -- Positive,5,0.19310344827586207,Same -- Positive,0/0/0/0/0/0/0/0,0.193103448275862/0.193103448275862/0.193103448275862/0.193103448275862/0.193103448275862/0/0/0,1000/1000/1000/1000/1000,8/7/6/5/8,0.318131225,0
0.0575,0.0525,0.0565,0.101,0.071,0.0975,0.068,5e-4,0.0715,0.0575,0.0575,0.0405,0.0375,NA,0.05,2000,5,5000,1000,8,8,0,FALSE,FALSE,FALSE,0,0.2,0.3,4,0,0,Same -- Positive,8,0.01,Same -- Positive,0/0/0/0/0/0/0/0,0.01/0.01/0.01/0.01/0.01/0.01/0.01/0.01,1000/1000/1000/1000/1000,8/7/6/5/8,0.3179706125,0
0.9595,0.863,0.944,1,0.9995,1,0.9995,0.8675,0.9995,0.9595,0.9595,0.995,0.994,NA,0.05,2000,5,5000,1000,8,8,0,FALSE,FALSE,FALSE,0,0.2,0.3,4,0,0,Same -- Positive,8,0.19310344827586207,Same -- Positive,0/0/0/0/0/0/0/0,0.193103448275862/0.193103448275862/0.193103448275862/0.193103448275862/0.193103448275862/0.193103448275862/0.193103448275862/0.193103448275862,1000/1000/1000/1000/1000,8/7/6/5/8,0.31838505,0
0.899,0.8755,0.9015,0.6345,0.6235,0.6285,0.613,0.1265,0.649,0.953,0.969,0.5975,0.59,NA,0.05,2000,5,5000,1000,8,8,0,FALSE,FALSE,FALSE,0,0.2,0.3,4,0,0,Same -- Positive,2,0.21344827586206896,Same -- Positive,0/0/0/0/0/0/0/0,0.213448275862069/0.213448275862069/0/0/0/0/0/0,1000/1000/1000/1000/1000,8/7/6/5/8,0.3180751625,0
0.9905,0.9585,0.9855,0.9835,0.9735,0.982,0.97,0.6335,0.974,0.9975,0.996,0.9555,0.9525,NA,0.05,2000,5,5000,1000,8,8,0,FALSE,FALSE,FALSE,0,0.2,0.3,4,0,0,Same -- Positive,5,0.21344827586206896,Same -- Positive,0/0/0/0/0/0/0/0,0.213448275862069/0.213448275862069/0.213448275862069/0.213448275862069/0.213448275862069/0/0/0,1000/1000/1000/1000/1000,8/7/6/5/8,0.318144325,0
0.984,0.9295,0.9795,1,1,1,0.9995,0.937,1,0.984,0.984,0.9985,0.9985,NA,0.05,2000,5,5000,1000,8,8,0,FALSE,FALSE,FALSE,0,0.2,0.3,4,0,0,Same -- Positive,8,0.21344827586206896,Same -- Positive,0/0/0/0/0/0/0/0,0.213448275862069/0.213448275862069/0.213448275862069/0.213448275862069/0.213448275862069/0.213448275862069/0.213448275862069/0.213448275862069,1000/1000/1000/1000/1000,8/7/6/5/8,0.318513,0
0.955,0.9485,0.9585,0.7385,0.728,0.7315,0.7195,0.1945,0.7525,0.9795,0.993,0.7105,0.6995,NA,0.05,2000,5,5000,1000,8,8,0,FALSE,FALSE,FALSE,0,0.2,0.3,4,0,0,Same -- Positive,2,0.23379310344827584,Same -- Positive,0/0/0/0/0/0/0/0,0.233793103448276/0.233793103448276/0/0/0/0/0/0,1000/1000/1000/1000/1000,8/7/6/5/8,0.3182035,0
0.998,0.979,0.996,0.9935,0.9885,0.993,0.9865,0.7515,0.9895,0.999,0.998,0.9795,0.977,NA,0.05,2000,5,5000,1000,8,8,0,FALSE,FALSE,FALSE,0,0.2,0.3,4,0,0,Same -- Positive,5,0.23379310344827584,Same -- Positive,0/0/0/0/0/0/0/0,0.233793103448276/0.233793103448276/0.233793103448276/0.233793103448276/0.233793103448276/0/0/0,1000/1000/1000/1000/1000,8/7/6/5/8,0.3184031375,0
0.9975,0.972,0.9945,1,1,1,1,0.985,1,0.9975,0.9975,1,1,NA,0.05,2000,5,5000,1000,8,8,0,FALSE,FALSE,FALSE,0,0.2,0.3,4,0,0,Same -- Positive,8,0.23379310344827584,Same -- Positive,0/0/0/0/0/0/0/0,0.233793103448276/0.233793103448276/0.233793103448276/0.233793103448276/0.233793103448276/0.233793103448276/0.233793103448276/0.233793103448276,1000/1000/1000/1000/1000,8/7/6/5/8,0.3185135875,0
0.973,0.9705,0.9765,0.801,0.794,0.7975,0.7905,0.2875,0.818,0.9875,0.993,0.785,0.78,NA,0.05,2000,5,5000,1000,8,8,0,FALSE,FALSE,FALSE,0,0.2,0.3,4,0,0,Same -- Positive,2,0.25413793103448273,Same -- Positive,0/0/0/0/0/0/0/0,0.254137931034483/0.254137931034483/0/0/0/0/0/0,1000/1000/1000/1000/1000,8/7/6/5/8,0.3180504875,0
0.9995,0.9965,0.9995,0.999,0.997,0.998,0.9965,0.859,0.998,0.9995,0.9995,0.993,0.992,NA,0.05,2000,5,5000,1000,8,8,0,FALSE,FALSE,FALSE,0,0.2,0.3,4,0,0,Same -- Positive,5,0.25413793103448273,Same -- Positive,0/0/0/0/0/0/0/0,0.254137931034483/0.254137931034483/0.254137931034483/0.254137931034483/0.254137931034483/0/0/0,1000/1000/1000/1000/1000,8/7/6/5/8,0.318366625,0
0.9995,0.9915,0.998,1,1,1,1,0.9965,1,0.9995,0.9995,1,1,NA,0.05,2000,5,5000,1000,8,8,0,FALSE,FALSE,FALSE,0,0.2,0.3,4,0,0,Same -- Positive,8,0.25413793103448273,Same -- Positive,0/0/0/0/0/0/0/0,0.254137931034483/0.254137931034483/0.254137931034483/0.254137931034483/0.254137931034483/0.254137931034483/0.254137931034483/0.254137931034483,1000/1000/1000/1000/1000,8/7/6/5/8,0.3184938875,0
0.074,0.064,0.076,0.097,0.067,0.0945,0.064,5e-4,0.066,0.316,0.0825,0.0415,0.04,NA,0.05,2000,5,5000,1000,8,8,0,FALSE,FALSE,FALSE,0,0.2,0.3,4,0,0,Same -- Positive,2,0.03034482758620689,Same -- Positive,0/0/0/0/0/0/0/0,0.0303448275862069/0.0303448275862069/0/0/0/0/0/0,1000/1000/1000/1000/1000,8/7/6/5/8,0.31789515,0
0.99,0.986,0.9885,0.8645,0.858,0.8565,0.851,0.3825,0.8715,0.9945,0.997,0.8475,0.8435,NA,0.05,2000,5,5000,1000,8,8,0,FALSE,FALSE,FALSE,0,0.2,0.3,4,0,0,Same -- Positive,2,0.27448275862068966,Same -- Positive,0/0/0/0/0/0/0/0,0.27448275862069/0.27448275862069/0/0/0/0/0/0,1000/1000/1000/1000/1000,8/7/6/5/8,0.3181781,0
1,0.998,1,1,0.999,1,0.9985,0.924,0.999,1,1,0.9975,0.9975,NA,0.05,2000,5,5000,1000,8,8,0,FALSE,FALSE,FALSE,0,0.2,0.3,4,0,0,Same -- Positive,5,0.27448275862068966,Same -- Positive,0/0/0/0/0/0/0/0,0.27448275862069/0.27448275862069/0.27448275862069/0.27448275862069/0.27448275862069/0/0/0,1000/1000/1000/1000/1000,8/7/6/5/8,0.3185365125,0
1,0.9975,1,1,1,1,1,0.999,1,1,1,1,1,NA,0.05,2000,5,5000,1000,8,8,0,FALSE,FALSE,FALSE,0,0.2,0.3,4,0,0,Same -- Positive,8,0.27448275862068966,Same -- Positive,0/0/0/0/0/0/0/0,0.27448275862069/0.27448275862069/0.27448275862069/0.27448275862069/0.27448275862069/0.27448275862069/0.27448275862069/0.27448275862069,1000/1000/1000/1000/1000,8/7/6/5/8,0.3187783,0
0.997,0.9935,0.995,0.915,0.9095,0.91,0.9035,0.5105,0.9205,0.998,0.9995,0.904,0.9,NA,0.05,2000,5,5000,1000,8,8,0,FALSE,FALSE,FALSE,0,0.2,0.3,4,0,0,Same -- Positive,2,0.29482758620689653,Same -- Positive,0/0/0/0/0/0/0/0,0.294827586206897/0.294827586206897/0/0/0/0/0/0,1000/1000/1000/1000/1000,8/7/6/5/8,0.3181191625,0
1,1,1,0.9995,0.9995,0.9995,0.9995,0.964,0.9995,1,1,0.9995,0.9995,NA,0.05,2000,5,5000,1000,8,8,0,FALSE,FALSE,FALSE,0,0.2,0.3,4,0,0,Same -- Positive,5,0.29482758620689653,Same -- Positive,0/0/0/0/0/0/0/0,0.294827586206897/0.294827586206897/0.294827586206897/0.294827586206897/0.294827586206897/0/0/0,1000/1000/1000/1000/1000,8/7/6/5/8,0.318460625,0
1,0.9995,1,1,1,1,1,1,1,1,1,1,1,NA,0.05,2000,5,5000,1000,8,8,0,FALSE,FALSE,FALSE,0,0.2,0.3,4,0,0,Same -- Positive,8,0.29482758620689653,Same -- Positive,0/0/0/0/0/0/0/0,0.294827586206897/0.294827586206897/0.294827586206897/0.294827586206897/0.294827586206897/0.294827586206897/0.294827586206897/0.294827586206897,1000/1000/1000/1000/1000,8/7/6/5/8,0.3188209875,0
0.996,0.9955,0.997,0.949,0.948,0.948,0.9435,0.598,0.955,0.9985,1,0.9435,0.941,NA,0.05,2000,5,5000,1000,8,8,0,FALSE,FALSE,FALSE,0,0.2,0.3,4,0,0,Same -- Positive,2,0.31517241379310346,Same -- Positive,0/0/0/0/0/0/0/0,0.315172413793103/0.315172413793103/0/0/0/0/0/0,1000/1000/1000/1000/1000,8/7/6/5/8,0.31813195,0
1,1,1,1,1,1,1,0.9855,1,1,1,1,1,NA,0.05,2000,5,5000,1000,8,8,0,FALSE,FALSE,FALSE,0,0.2,0.3,4,0,0,Same -- Positive,5,0.31517241379310346,Same -- Positive,0/0/0/0/0/0/0/0,0.315172413793103/0.315172413793103/0.315172413793103/0.315172413793103/0.315172413793103/0/0/0,1000/1000/1000/1000/1000,8/7/6/5/8,0.3186253375,0
1,0.9995,0.9995,1,1,1,1,0.9995,1,1,1,1,1,NA,0.05,2000,5,5000,1000,8,8,0,FALSE,FALSE,FALSE,0,0.2,0.3,4,0,0,Same -- Positive,8,0.31517241379310346,Same -- Positive,0/0/0/0/0/0/0/0,0.315172413793103/0.315172413793103/0.315172413793103/0.315172413793103/0.315172413793103/0.315172413793103/0.315172413793103/0.315172413793103,1000/1000/1000/1000/1000,8/7/6/5/8,0.31888335,0
0.998,0.9975,0.998,0.9775,0.9695,0.9755,0.9685,0.718,0.9765,0.9995,0.9995,0.966,0.964,NA,0.05,2000,5,5000,1000,8,8,0,FALSE,FALSE,FALSE,0,0.2,0.3,4,0,0,Same -- Positive,2,0.3355172413793103,Same -- Positive,0/0/0/0/0/0/0/0,0.33551724137931/0.33551724137931/0/0/0/0/0/0,1000/1000/1000/1000/1000,8/7/6/5/8,0.3182814875,0
0.0755,0.067,0.079,0.1255,0.0975,0.1205,0.0945,5e-4,0.0985,0.3095,0.0875,0.064,0.059,NA,0.05,2000,5,5000,1000,8,8,0,FALSE,FALSE,FALSE,0,0.2,0.3,4,0,0,Same -- Positive,5,0.03034482758620689,Same -- Positive,0/0/0/0/0/0/0/0,0.0303448275862069/0.0303448275862069/0.0303448275862069/0.0303448275862069/0.0303448275862069/0/0/0,1000/1000/1000/1000/1000,8/7/6/5/8,0.3180143625,0
1,1,1,1,1,1,1,0.9965,1,1,1,1,1,NA,0.05,2000,5,5000,1000,8,8,0,FALSE,FALSE,FALSE,0,0.2,0.3,4,0,0,Same -- Positive,5,0.3355172413793103,Same -- Positive,0/0/0/0/0/0/0/0,0.33551724137931/0.33551724137931/0.33551724137931/0.33551724137931/0.33551724137931/0/0/0,1000/1000/1000/1000/1000,8/7/6/5/8,0.318610625,0
1,1,1,1,1,1,1,1,1,1,1,1,1,NA,0.05,2000,5,5000,1000,8,8,0,FALSE,FALSE,FALSE,0,0.2,0.3,4,0,0,Same -- Positive,8,0.3355172413793103,Same -- Positive,0/0/0/0/0/0/0/0,0.33551724137931/0.33551724137931/0.33551724137931/0.33551724137931/0.33551724137931/0.33551724137931/0.33551724137931/0.33551724137931,1000/1000/1000/1000/1000,8/7/6/5/8,0.3191402875,0
0.9995,1,1,0.987,0.9835,0.9845,0.9825,0.8145,0.9875,1,1,0.9825,0.981,NA,0.05,2000,5,5000,1000,8,8,0,FALSE,FALSE,FALSE,0,0.2,0.3,4,0,0,Same -- Positive,2,0.3558620689655172,Same -- Positive,0/0/0/0/0/0/0/0,0.355862068965517/0.355862068965517/0/0/0/0/0/0,1000/1000/1000/1000/1000,8/7/6/5/8,0.318180875,0
1,1,1,1,1,1,1,0.999,1,1,1,1,1,NA,0.05,2000,5,5000,1000,8,8,0,FALSE,FALSE,FALSE,0,0.2,0.3,4,0,0,Same -- Positive,5,0.3558620689655172,Same -- Positive,0/0/0/0/0/0/0/0,0.355862068965517/0.355862068965517/0.355862068965517/0.355862068965517/0.355862068965517/0/0/0,1000/1000/1000/1000/1000,8/7/6/5/8,0.31880005,0
1,1,1,1,1,1,1,1,1,1,1,1,1,NA,0.05,2000,5,5000,1000,8,8,0,FALSE,FALSE,FALSE,0,0.2,0.3,4,0,0,Same -- Positive,8,0.3558620689655172,Same -- Positive,0/0/0/0/0/0/0/0,0.355862068965517/0.355862068965517/0.355862068965517/0.355862068965517/0.355862068965517/0.355862068965517/0.355862068965517/0.355862068965517,1000/1000/1000/1000/1000,8/7/6/5/8,0.31905445,0
1,0.999,1,0.992,0.991,0.992,0.991,0.8705,0.993,1,1,0.9905,0.9905,NA,0.05,2000,5,5000,1000,8,8,0,FALSE,FALSE,FALSE,0,0.2,0.3,4,0,0,Same -- Positive,2,0.3762068965517241,Same -- Positive,0/0/0/0/0/0/0/0,0.376206896551724/0.376206896551724/0/0/0/0/0/0,1000/1000/1000/1000/1000,8/7/6/5/8,0.31811225,0
1,1,1,1,1,1,1,0.9995,1,1,1,1,1,NA,0.05,2000,5,5000,1000,8,8,0,FALSE,FALSE,FALSE,0,0.2,0.3,4,0,0,Same -- Positive,5,0.3762068965517241,Same -- Positive,0/0/0/0/0/0/0/0,0.376206896551724/0.376206896551724/0.376206896551724/0.376206896551724/0.376206896551724/0/0/0,1000/1000/1000/1000/1000,8/7/6/5/8,0.3187276,0
1,1,1,1,1,1,1,1,1,1,1,1,1,NA,0.05,2000,5,5000,1000,8,8,0,FALSE,FALSE,FALSE,0,0.2,0.3,4,0,0,Same -- Positive,8,0.3762068965517241,Same -- Positive,0/0/0/0/0/0/0/0,0.376206896551724/0.376206896551724/0.376206896551724/0.376206896551724/0.376206896551724/0.376206896551724/0.376206896551724/0.376206896551724,1000/1000/1000/1000/1000,8/7/6/5/8,0.3192314125,0
0.9995,0.9995,0.9995,0.9985,0.999,0.999,0.9995,0.926,0.9995,1,1,0.997,0.9965,NA,0.05,2000,5,5000,1000,8,8,0,FALSE,FALSE,FALSE,0,0.2,0.3,4,0,0,Same -- Positive,2,0.396551724137931,Same -- Positive,0/0/0/0/0/0/0/0,0.396551724137931/0.396551724137931/0/0/0/0/0/0,1000/1000/1000/1000/1000,8/7/6/5/8,0.3182321625,0
1,1,1,1,1,1,1,1,1,1,1,1,1,NA,0.05,2000,5,5000,1000,8,8,0,FALSE,FALSE,FALSE,0,0.2,0.3,4,0,0,Same -- Positive,5,0.396551724137931,Same -- Positive,0/0/0/0/0/0/0/0,0.396551724137931/0.396551724137931/0.396551724137931/0.396551724137931/0.396551724137931/0/0/0,1000/1000/1000/1000/1000,8/7/6/5/8,0.3189100625,0
0.075,0.0695,0.082,0.1645,0.1275,0.161,0.121,0.0015,0.126,0.075,0.075,0.0825,0.0805,NA,0.05,2000,5,5000,1000,8,8,0,FALSE,FALSE,FALSE,0,0.2,0.3,4,0,0,Same -- Positive,8,0.03034482758620689,Same -- Positive,0/0/0/0/0/0/0/0,0.0303448275862069/0.0303448275862069/0.0303448275862069/0.0303448275862069/0.0303448275862069/0.0303448275862069/0.0303448275862069/0.0303448275862069,1000/1000/1000/1000/1000,8/7/6/5/8,0.3180359375,0
1,1,1,1,1,1,1,1,1,1,1,1,1,NA,0.05,2000,5,5000,1000,8,8,0,FALSE,FALSE,FALSE,0,0.2,0.3,4,0,0,Same -- Positive,8,0.396551724137931,Same -- Positive,0/0/0/0/0/0/0/0,0.396551724137931/0.396551724137931/0.396551724137931/0.396551724137931/0.396551724137931/0.396551724137931/0.396551724137931/0.396551724137931,1000/1000/1000/1000/1000,8/7/6/5/8,0.3194747125,0
1,1,1,0.9985,0.998,0.9985,0.9985,0.958,0.999,1,1,0.9985,0.9985,NA,0.05,2000,5,5000,1000,8,8,0,FALSE,FALSE,FALSE,0,0.2,0.3,4,0,0,Same -- Positive,2,0.4168965517241379,Same -- Positive,0/0/0/0/0/0/0/0,0.416896551724138/0.416896551724138/0/0/0/0/0/0,1000/1000/1000/1000/1000,8/7/6/5/8,0.31822145,0
1,1,1,1,1,1,1,1,1,1,1,1,1,NA,0.05,2000,5,5000,1000,8,8,0,FALSE,FALSE,FALSE,0,0.2,0.3,4,0,0,Same -- Positive,5,0.4168965517241379,Same -- Positive,0/0/0/0/0/0/0/0,0.416896551724138/0.416896551724138/0.416896551724138/0.416896551724138/0.416896551724138/0/0/0,1000/1000/1000/1000/1000,8/7/6/5/8,0.3191883125,0
1,1,1,1,1,1,1,1,1,1,1,1,1,NA,0.05,2000,5,5000,1000,8,8,0,FALSE,FALSE,FALSE,0,0.2,0.3,4,0,0,Same -- Positive,8,0.4168965517241379,Same -- Positive,0/0/0/0/0/0/0/0,0.416896551724138/0.416896551724138/0.416896551724138/0.416896551724138/0.416896551724138/0.416896551724138/0.416896551724138/0.416896551724138,1000/1000/1000/1000/1000,8/7/6/5/8,0.3193979875,0
1,1,1,1,1,1,1,0.977,1,1,1,0.999,0.999,NA,0.05,2000,5,5000,1000,8,8,0,FALSE,FALSE,FALSE,0,0.2,0.3,4,0,0,Same -- Positive,2,0.4372413793103448,Same -- Positive,0/0/0/0/0/0/0/0,0.437241379310345/0.437241379310345/0/0/0/0/0/0,1000/1000/1000/1000/1000,8/7/6/5/8,0.31843605,0
1,1,1,1,1,1,1,1,1,1,1,1,1,NA,0.05,2000,5,5000,1000,8,8,0,FALSE,FALSE,FALSE,0,0.2,0.3,4,0,0,Same -- Positive,5,0.4372413793103448,Same -- Positive,0/0/0/0/0/0/0/0,0.437241379310345/0.437241379310345/0.437241379310345/0.437241379310345/0.437241379310345/0/0/0,1000/1000/1000/1000/1000,8/7/6/5/8,0.319070125,0
1,1,1,1,1,1,1,1,1,1,1,1,1,NA,0.05,2000,5,5000,1000,8,8,0,FALSE,FALSE,FALSE,0,0.2,0.3,4,0,0,Same -- Positive,8,0.4372413793103448,Same -- Positive,0/0/0/0/0/0/0/0,0.437241379310345/0.437241379310345/0.437241379310345/0.437241379310345/0.437241379310345/0.437241379310345/0.437241379310345/0.437241379310345,1000/1000/1000/1000/1000,8/7/6/5/8,0.319655375,0
1,1,1,0.9995,0.999,0.9995,0.999,0.9895,0.999,1,1,0.999,0.999,NA,0.05,2000,5,5000,1000,8,8,0,FALSE,FALSE,FALSE,0,0.2,0.3,4,0,0,Same -- Positive,2,0.4575862068965517,Same -- Positive,0/0/0/0/0/0/0/0,0.457586206896552/0.457586206896552/0/0/0/0/0/0,1000/1000/1000/1000/1000,8/7/6/5/8,0.318478725,0
1,1,1,1,1,1,1,1,1,1,1,1,1,NA,0.05,2000,5,5000,1000,8,8,0,FALSE,FALSE,FALSE,0,0.2,0.3,4,0,0,Same -- Positive,5,0.4575862068965517,Same -- Positive,0/0/0/0/0/0/0/0,0.457586206896552/0.457586206896552/0.457586206896552/0.457586206896552/0.457586206896552/0/0/0,1000/1000/1000/1000/1000,8/7/6/5/8,0.31909105,0
1,1,1,1,1,1,1,1,1,1,1,1,1,NA,0.05,2000,5,5000,1000,8,8,0,FALSE,FALSE,FALSE,0,0.2,0.3,4,0,0,Same -- Positive,8,0.4575862068965517,Same -- Positive,0/0/0/0/0/0/0/0,0.457586206896552/0.457586206896552/0.457586206896552/0.457586206896552/0.457586206896552/0.457586206896552/0.457586206896552/0.457586206896552,1000/1000/1000/1000/1000,8/7/6/5/8,0.3199458375,0
0.09,0.0845,0.096,0.109,0.083,0.103,0.0795,0.0015,0.087,0.3765,0.136,0.0545,0.052,NA,0.05,2000,5,5000,1000,8,8,0,FALSE,FALSE,FALSE,0,0.2,0.3,4,0,0,Same -- Positive,2,0.05068965517241379,Same -- Positive,0/0/0/0/0/0/0/0,0.0506896551724138/0.0506896551724138/0/0/0/0/0/0,1000/1000/1000/1000/1000,8/7/6/5/8,0.3178246625,0
1,1,1,1,1,1,1,0.996,1,1,1,1,1,NA,0.05,2000,5,5000,1000,8,8,0,FALSE,FALSE,FALSE,0,0.2,0.3,4,0,0,Same -- Positive,2,0.4779310344827586,Same -- Positive,0/0/0/0/0/0/0/0,0.477931034482759/0.477931034482759/0/0/0/0/0/0,1000/1000/1000/1000/1000,8/7/6/5/8,0.318368775,0
1,1,1,1,1,1,1,1,1,1,1,1,1,NA,0.05,2000,5,5000,1000,8,8,0,FALSE,FALSE,FALSE,0,0.2,0.3,4,0,0,Same -- Positive,5,0.4779310344827586,Same -- Positive,0/0/0/0/0/0/0/0,0.477931034482759/0.477931034482759/0.477931034482759/0.477931034482759/0.477931034482759/0/0/0,1000/1000/1000/1000/1000,8/7/6/5/8,0.3192088,0
1,1,1,1,1,1,1,1,1,1,1,1,1,NA,0.05,2000,5,5000,1000,8,8,0,FALSE,FALSE,FALSE,0,0.2,0.3,4,0,0,Same -- Positive,8,0.4779310344827586,Same -- Positive,0/0/0/0/0/0/0/0,0.477931034482759/0.477931034482759/0.477931034482759/0.477931034482759/0.477931034482759/0.477931034482759/0.477931034482759/0.477931034482759,1000/1000/1000/1000/1000,8/7/6/5/8,0.3200829625,0
1,1,1,1,1,1,1,0.9975,1,1,1,1,1,NA,0.05,2000,5,5000,1000,8,8,0,FALSE,FALSE,FALSE,0,0.2,0.3,4,0,0,Same -- Positive,2,0.49827586206896546,Same -- Positive,0/0/0/0/0/0/0/0,0.498275862068965/0.498275862068965/0/0/0/0/0/0,1000/1000/1000/1000/1000,8/7/6/5/8,0.3186418125,0
1,1,1,1,1,1,1,1,1,1,1,1,1,NA,0.05,2000,5,5000,1000,8,8,0,FALSE,FALSE,FALSE,0,0.2,0.3,4,0,0,Same -- Positive,5,0.49827586206896546,Same -- Positive,0/0/0/0/0/0/0/0,0.498275862068965/0.498275862068965/0.498275862068965/0.498275862068965/0.498275862068965/0/0/0,1000/1000/1000/1000/1000,8/7/6/5/8,0.3193654875,0
1,1,1,1,1,1,1,1,1,1,1,1,1,NA,0.05,2000,5,5000,1000,8,8,0,FALSE,FALSE,FALSE,0,0.2,0.3,4,0,0,Same -- Positive,8,0.49827586206896546,Same -- Positive,0/0/0/0/0/0/0/0,0.498275862068965/0.498275862068965/0.498275862068965/0.498275862068965/0.498275862068965/0.498275862068965/0.498275862068965/0.498275862068965,1000/1000/1000/1000/1000,8/7/6/5/8,0.3202412625,0
1,1,1,1,1,1,1,0.9995,1,1,1,1,1,NA,0.05,2000,5,5000,1000,8,8,0,FALSE,FALSE,FALSE,0,0.2,0.3,4,0,0,Same -- Positive,2,0.5186206896551724,Same -- Positive,0/0/0/0/0/0/0/0,0.518620689655172/0.518620689655172/0/0/0/0/0/0,1000/1000/1000/1000/1000,8/7/6/5/8,0.3186432,0
1,1,1,1,1,1,1,1,1,1,1,1,1,NA,0.05,2000,5,5000,1000,8,8,0,FALSE,FALSE,FALSE,0,0.2,0.3,4,0,0,Same -- Positive,5,0.5186206896551724,Same -- Positive,0/0/0/0/0/0/0/0,0.518620689655172/0.518620689655172/0.518620689655172/0.518620689655172/0.518620689655172/0/0/0,1000/1000/1000/1000/1000,8/7/6/5/8,0.3194817125,0
1,1,1,1,1,1,1,1,1,1,1,1,1,NA,0.05,2000,5,5000,1000,8,8,0,FALSE,FALSE,FALSE,0,0.2,0.3,4,0,0,Same -- Positive,8,0.5186206896551724,Same -- Positive,0/0/0/0/0/0/0/0,0.518620689655172/0.518620689655172/0.518620689655172/0.518620689655172/0.518620689655172/0.518620689655172/0.518620689655172/0.518620689655172,1000/1000/1000/1000/1000,8/7/6/5/8,0.3202567,0
1,1,1,1,1,1,1,0.9995,1,1,1,1,1,NA,0.05,2000,5,5000,1000,8,8,0,FALSE,FALSE,FALSE,0,0.2,0.3,4,0,0,Same -- Positive,2,0.5389655172413793,Same -- Positive,0/0/0/0/0/0/0/0,0.538965517241379/0.538965517241379/0/0/0/0/0/0,1000/1000/1000/1000/1000,8/7/6/5/8,0.3187193875,0
0.119,0.106,0.1255,0.1805,0.137,0.172,0.134,0.002,0.1405,0.378,0.126,0.088,0.0845,NA,0.05,2000,5,5000,1000,8,8,0,FALSE,FALSE,FALSE,0,0.2,0.3,4,0,0,Same -- Positive,5,0.05068965517241379,Same -- Positive,0/0/0/0/0/0/0/0,0.0506896551724138/0.0506896551724138/0.0506896551724138/0.0506896551724138/0.0506896551724138/0/0/0,1000/1000/1000/1000/1000,8/7/6/5/8,0.318117925,0
1,1,1,1,1,1,1,1,1,1,1,1,1,NA,0.05,2000,5,5000,1000,8,8,0,FALSE,FALSE,FALSE,0,0.2,0.3,4,0,0,Same -- Positive,5,0.5389655172413793,Same -- Positive,0/0/0/0/0/0/0/0,0.538965517241379/0.538965517241379/0.538965517241379/0.538965517241379/0.538965517241379/0/0/0,1000/1000/1000/1000/1000,8/7/6/5/8,0.3195517625,0
1,1,1,1,1,1,1,1,1,1,1,1,1,NA,0.05,2000,5,5000,1000,8,8,0,FALSE,FALSE,FALSE,0,0.2,0.3,4,0,0,Same -- Positive,8,0.5389655172413793,Same -- Positive,0/0/0/0/0/0/0/0,0.538965517241379/0.538965517241379/0.538965517241379/0.538965517241379/0.538965517241379/0.538965517241379/0.538965517241379/0.538965517241379,1000/1000/1000/1000/1000,8/7/6/5/8,0.3204181125,0
1,1,1,1,1,1,1,1,1,1,1,1,1,NA,0.05,2000,5,5000,1000,8,8,0,FALSE,FALSE,FALSE,0,0.2,0.3,4,0,0,Same -- Positive,2,0.5593103448275861,Same -- Positive,0/0/0/0/0/0/0/0,0.559310344827586/0.559310344827586/0/0/0/0/0/0,1000/1000/1000/1000/1000,8/7/6/5/8,0.3186867875,0
1,1,1,1,1,1,1,1,1,1,1,1,1,NA,0.05,2000,5,5000,1000,8,8,0,FALSE,FALSE,FALSE,0,0.2,0.3,4,0,0,Same -- Positive,5,0.5593103448275861,Same -- Positive,0/0/0/0/0/0/0/0,0.559310344827586/0.559310344827586/0.559310344827586/0.559310344827586/0.559310344827586/0/0/0,1000/1000/1000/1000/1000,8/7/6/5/8,0.3196635,0
1,1,1,1,1,1,1,1,1,1,1,1,1,NA,0.05,2000,5,5000,1000,8,8,0,FALSE,FALSE,FALSE,0,0.2,0.3,4,0,0,Same -- Positive,8,0.5593103448275861,Same -- Positive,0/0/0/0/0/0/0/0,0.559310344827586/0.559310344827586/0.559310344827586/0.559310344827586/0.559310344827586/0.559310344827586/0.559310344827586/0.559310344827586,1000/1000/1000/1000/1000,8/7/6/5/8,0.3207455125,0
1,1,1,1,1,1,1,1,1,1,1,1,1,NA,0.05,2000,5,5000,1000,8,8,0,FALSE,FALSE,FALSE,0,0.2,0.3,4,0,0,Same -- Positive,2,0.579655172413793,Same -- Positive,0/0/0/0/0/0/0/0,0.579655172413793/0.579655172413793/0/0/0/0/0/0,1000/1000/1000/1000/1000,8/7/6/5/8,0.318879025,0
1,1,1,1,1,1,1,1,1,1,1,1,1,NA,0.05,2000,5,5000,1000,8,8,0,FALSE,FALSE,FALSE,0,0.2,0.3,4,0,0,Same -- Positive,5,0.579655172413793,Same -- Positive,0/0/0/0/0/0/0/0,0.579655172413793/0.579655172413793/0.579655172413793/0.579655172413793/0.579655172413793/0/0/0,1000/1000/1000/1000/1000,8/7/6/5/8,0.3197312,0
1,1,1,1,1,1,1,1,1,1,1,1,1,NA,0.05,2000,5,5000,1000,8,8,0,FALSE,FALSE,FALSE,0,0.2,0.3,4,0,0,Same -- Positive,8,0.579655172413793,Same -- Positive,0/0/0/0/0/0/0/0,0.579655172413793/0.579655172413793/0.579655172413793/0.579655172413793/0.579655172413793/0.579655172413793/0.579655172413793/0.579655172413793,1000/1000/1000/1000/1000,8/7/6/5/8,0.3207060375,0
1,1,1,1,1,1,1,0.9995,1,1,1,1,1,NA,0.05,2000,5,5000,1000,8,8,0,FALSE,FALSE,FALSE,0,0.2,0.3,4,0,0,Same -- Positive,2,0.6,Same -- Positive,0/0/0/0/0/0/0/0,0.6/0.6/0/0/0/0/0/0,1000/1000/1000/1000/1000,8/7/6/5/8,0.31871715,0
1,1,1,1,1,1,1,1,1,1,1,1,1,NA,0.05,2000,5,5000,1000,8,8,0,FALSE,FALSE,FALSE,0,0.2,0.3,4,0,0,Same -- Positive,5,0.6,Same -- Positive,0/0/0/0/0/0/0/0,0.6/0.6/0.6/0.6/0.6/0/0/0,1000/1000/1000/1000/1000,8/7/6/5/8,0.3197866875,0
0.103,0.094,0.1085,0.315,0.2465,0.3055,0.2345,0.009,0.243,0.103,0.103,0.162,0.156,NA,0.05,2000,5,5000,1000,8,8,0,FALSE,FALSE,FALSE,0,0.2,0.3,4,0,0,Same -- Positive,8,0.05068965517241379,Same -- Positive,0/0/0/0/0/0/0/0,0.0506896551724138/0.0506896551724138/0.0506896551724138/0.0506896551724138/0.0506896551724138/0.0506896551724138/0.0506896551724138/0.0506896551724138,1000/1000/1000/1000/1000,8/7/6/5/8,0.3180531,0
1,1,1,1,1,1,1,1,1,1,1,1,1,NA,0.05,2000,5,5000,1000,8,8,0,FALSE,FALSE,FALSE,0,0.2,0.3,4,0,0,Same -- Positive,8,0.6,Same -- Positive,0/0/0/0/0/0/0/0,0.6/0.6/0.6/0.6/0.6/0.6/0.6/0.6,1000/1000/1000/1000/1000,8/7/6/5/8,0.3210924625,0
0.0515,0.0435,0.0485,0.086,0.059,0.0845,0.0545,5e-4,0.0565,0.2765,0.048,0.03,0.029,NA,0.05,2000,5,5000,1000,8,8,0,FALSE,FALSE,FALSE,0,0.2,0.3,4,0,0,Same -- Positive,2,0.01,Same -- Negative,0/0/0/0/0/0/0/0,-0.01/-0.01/0/0/0/0/0/0,1000/1000/1000/1000/1000,8/7/6/5/8,0.3181267375,0
0.0605,0.0575,0.0625,0.0925,0.07,0.091,0.069,0.001,0.072,0.2415,0.0575,0.048,0.0465,NA,0.05,2000,5,5000,1000,8,8,0,FALSE,FALSE,FALSE,0,0.2,0.3,4,0,0,Same -- Positive,5,0.01,Same -- Negative,0/0/0/0/0/0/0/0,-0.01/-0.01/-0.01/-0.01/-0.01/0/0/0,1000/1000/1000/1000/1000,8/7/6/5/8,0.318097875,0
0.0495,0.0495,0.0535,0.085,0.0605,0.0825,0.0595,0.001,0.061,0.0495,0.0495,0.0345,0.033,NA,0.05,2000,5,5000,1000,8,8,0,FALSE,FALSE,FALSE,0,0.2,0.3,4,0,0,Same -- Positive,8,0.01,Same -- Negative,0/0/0/0/0/0/0/0,-0.01/-0.01/-0.01/-0.01/-0.01/-0.01/-0.01/-0.01,1000/1000/1000/1000/1000,8/7/6/5/8,0.3180469875,0
0.077,0.0705,0.082,0.101,0.075,0.0995,0.0705,0,0.0765,0.335,0.0845,0.045,0.043,NA,0.05,2000,5,5000,1000,8,8,0,FALSE,FALSE,FALSE,0,0.2,0.3,4,0,0,Same -- Positive,2,0.03034482758620689,Same -- Negative,0/0/0/0/0/0/0/0,-0.0303448275862069/-0.0303448275862069/0/0/0/0/0/0,1000/1000/1000/1000/1000,8/7/6/5/8,0.31808505,0
0.0715,0.0645,0.07,0.1145,0.0825,0.113,0.0815,5e-4,0.0845,0.308,0.075,0.057,0.0535,NA,0.05,2000,5,5000,1000,8,8,0,FALSE,FALSE,FALSE,0,0.2,0.3,4,0,0,Same -- Positive,5,0.03034482758620689,Same -- Negative,0/0/0/0/0/0/0/0,-0.0303448275862069/-0.0303448275862069/-0.0303448275862069/-0.0303448275862069/-0.0303448275862069/0/0/0,1000/1000/1000/1000/1000,8/7/6/5/8,0.3180303125,0
0.0785,0.073,0.0765,0.191,0.1455,0.19,0.1425,5e-4,0.1495,0.0785,0.0785,0.09,0.0885,NA,0.05,2000,5,5000,1000,8,8,0,FALSE,FALSE,FALSE,0,0.2,0.3,4,0,0,Same -- Positive,8,0.03034482758620689,Same -- Negative,0/0/0/0/0/0/0/0,-0.0303448275862069/-0.0303448275862069/-0.0303448275862069/-0.0303448275862069/-0.0303448275862069/-0.0303448275862069/-0.0303448275862069/-0.0303448275862069,1000/1000/1000/1000/1000,8/7/6/5/8,0.3179604,0
0.0935,0.0945,0.1015,0.1085,0.0825,0.106,0.08,0.003,0.0835,0.396,0.139,0.0555,0.0535,NA,0.05,2000,5,5000,1000,8,8,0,FALSE,FALSE,FALSE,0,0.2,0.3,4,0,0,Same -- Positive,2,0.05068965517241379,Same -- Negative,0/0/0/0/0/0/0/0,-0.0506896551724138/-0.0506896551724138/0/0/0/0/0/0,1000/1000/1000/1000/1000,8/7/6/5/8,0.318104975,0
0.134,0.1135,0.137,0.1905,0.145,0.1895,0.143,0.0045,0.1505,0.401,0.1365,0.1015,0.0985,NA,0.05,2000,5,5000,1000,8,8,0,FALSE,FALSE,FALSE,0,0.2,0.3,4,0,0,Same -- Positive,5,0.05068965517241379,Same -- Negative,0/0/0/0/0/0/0/0,-0.0506896551724138/-0.0506896551724138/-0.0506896551724138/-0.0506896551724138/-0.0506896551724138/0/0/0,1000/1000/1000/1000/1000,8/7/6/5/8,0.3180063375,0
0.11,0.098,0.1085,0.309,0.249,0.3075,0.2465,0.0085,0.2495,0.11,0.11,0.172,0.1715,NA,0.05,2000,5,5000,1000,8,8,0,FALSE,FALSE,FALSE,0,0.2,0.3,4,0,0,Same -- Positive,8,0.05068965517241379,Same -- Negative,0/0/0/0/0/0/0/0,-0.0506896551724138/-0.0506896551724138/-0.0506896551724138/-0.0506896551724138/-0.0506896551724138/-0.0506896551724138/-0.0506896551724138/-0.0506896551724138,1000/1000/1000/1000/1000,8/7/6/5/8,0.3180893,0
